Progress,Duration,D1,D2,D2_1,D3,D3_1,D4,D4_1,D5_1,D6,D7,D8,HighSES_1,HighSES_2,HighSES_3,HighSES_4,ATT_1,LowSES_1,LowSES_2,LowSES_3,LowSES_4,ATT_2,WPS_1,WPS_2,WPS_3,WPS_4,WPS_5,ATT_3,WG_1,WG_2,WG_3,WG_4,WG_5,ATT_4,MRS_1,MRS_2,MRS_3,MRS_4,MRS_5,MRS_6,ATT_5,RGP_1,RGP_2,RGP_3,RGP_4,RGP_5,RGP_6,RGP_7,RGP_8,RGP_9,ATT_6,CSER_1,CSER_2,CSER_3,CSER_4,CSER_5,CSER_6,CSER_7,CSER_8,CSER_9,CSER_10,CSER_11,CSER_12,CSER_13,CSER_14,CSER_15,CSER_16,ATT_7,SDO_1,SDO_2,SDO_3,SDO_4,SDO_5,SDO_6,SDO_7,SDO_8,SDO_9,SDO_10,SDO_11,SDO_12,SDO_13,SDO_14,SDO_15,SDO_16,ATT_8,Condition,attcomp
100,57,,,,,,,,,,,,,,,,0,,,,,0,,,,,,0,,,,,,0,,,,,,,0,,,,,,,,,,0,,,,,,,,,,,,,,,,,0,,,,,,,,,,,,,,,,,0,,0
100,3,,,,,,,,,,,,,,,,0,,,,,0,,,,,,0,,,,,,0,,,,,,,0,,,,,,,,,,0,,,,,,,,,,,,,,,,,0,,,,,,,,,,,,,,,,,0,,0
100,136,,,,,,,,,,,,,,,,0,,,,,0,,,,,,0,,,,,,0,,,,,,,0,,,,,,,,,,0,,,,,,,,,,,,,,,,,0,,,,,,,,,,,,,,,,,0,LowSESManipulation,0
100,1339,25,2,,1,,3,,3,10,3,3,,,,,1,Trust Fund Babies,Fortune 500 CEO's,Wall Street peeps,4,1,7,7,7,1,7,1,7,7,1,7,7,1,1,7,1,1,1,1,1,80,60,80,50,80,80,80,80,80,1,2,6,1,6,6,7,2,2,5,4,3,3,6,3,5,1,1,1,1,1,1,7,7,7,7,1,1,1,1,7,7,7,7,1,LowSESManipulation,8
100,485,22,1,,1,,7,,5,13,5,5,Homeless ,Oppressed,Criminals ,7,1,,,,,0,7,7,6,1,2,1,2,6,2,2,2,1,1,7,1,1,1,1,1,100,100,100,100,100,100,100,100,100,1,7,1,7,1,4,4,7,4,4,3,4,4,5,4,4,2,1,1,1,1,1,6,7,7,7,1,1,1,1,7,7,7,7,1,HighSESManipulation,7
100,521,19,2,,1,,8,,3,12,5,5,Homeless people,People with little essential needs ,little to no income,8,1,,,,,0,6,4,4,3,4,1,5,5,3,3,5,1,1,4,5,4,4,4,1,87,95,76,90,87,81,97,75,69,1,3,5,3,5,4,4,4,4,4,4,4,4,4,4,4,4,1,4,4,4,4,4,6,4,4,4,4,4,4,4,5,5,6,1,HighSESManipulation,7
100,580,38,2,,1,,8,,5,12,4,2,,,,,1,doctors,politicians ,lawyers,6,1,3,3,3,5,4,1,2,5,3,4,3,1,3,5,3,3,4,3,1,68,68,37,69,62,70,68,63,34,1,6,3,5,3,5,4,6,3,4,3,5,3,6,5,5,3,1,3,2,3,2,6,5,5,5,3,3,3,5,5,5,5,5,1,LowSESManipulation,8
100,500,18,2,,1,,7,,5,6,5,3,Homeless people,Single Parents,Child in poverty,6,1,,,,,0,7,7,7,1,3,1,7,7,1,7,7,1,1,7,1,1,1,1,1,100,100,100,100,100,100,100,100,100,1,4,4,4,4,5,4,4,3,4,4,4,5,5,1,2,1,1,1,1,1,1,7,7,7,7,1,1,1,1,7,7,7,7,1,HighSESManipulation,7
100,183,20,2,,1,,8,,7,13,3,5,,,,,1,people without jobs,people without education,immigrants ,5,1,5,5,5,5,5,1,5,5,4,4,4,1,2,5,2,2,2,2,1,86,100,73,90,74,67,100,65,19,1,1,1,1,1,1,1,7,1,7,7,7,7,7,7,6,5,0,2,2,2,2,2,2,2,2,2,2,2,2,2,2,2,2,1,LowSESManipulation,7
100,368,19,2,,1,,7,,2,13,6,7,Homeless people,"Farmers, factory workers","Construction workers, truck drivers",7,1,,,,,0,7,7,7,1,7,1,5,7,1,5,6,1,1,4,1,1,1,1,1,80,70,77,10,80,90,70,80,80,1,3,6,3,5,5,4,3,4,5,1,3,1,4,2,3,1,1,1,1,1,1,6,7,7,6,1,1,1,1,7,7,7,7,1,HighSESManipulation,7
100,1062,18,2,,1,,5,,4,13,5,5,,,,,1,Bill Gates ,Jeff Bezos ,Elon Musk ,6,1,6,6,6,2,4,1,3,5,3,3,5,1,1,6,2,1,2,3,1,85,85,85,85,85,85,85,85,85,1,6,4,5,3,6,2,4,4,5,3,5,2,6,2,4,2,1,1,1,1,1,7,7,7,7,1,1,1,2,7,7,6,7,1,LowSESManipulation,8
100,2309,18,2,,1,,7,,3,7,4,6,,,,,1,Politicians,Celeberties,Buisness owners,5,1,7,6,7,1,4,1,6,6,2,6,7,1,1,6,1,1,1,1,1,80,50,84,14,44,100,51,53,95,1,4,5,5,3,4,3,3,2,4,3,4,4,5,2,3,4,1,3,1,1,1,6,6,7,6,1,2,1,1,7,7,7,6,1,LowSESManipulation,8
100,699,19,2,,1,,5,,3,7,5,5,homeless,jobless,minimum wage workers,4,1,,,,,0,6,6,6,2,5,1,3,5,3,5,5,1,1,7,1,1,1,1,1,85,80,85,75,50,95,85,50,80,1,4,4,5,5,4,3,4,3,5,3,4,4,5,4,3,4,1,1,1,1,1,7,7,7,7,1,1,1,1,7,7,7,7,1,HighSESManipulation,7
100,2065,18,2,,1,,5,,3,7,5,5,,,,,1,Successful entrepreneurs ,Athletes,Actors,2,1,5,6,4,1,4,1,6,6,2,6,7,1,1,6,1,2,5,5,1,100,71,100,84,71,100,100,88,89,1,5,2,4,4,3,6,2,5,2,4,4,4,6,5,2,4,1,1,2,2,5,6,6,6,4,1,3,2,1,6,7,7,7,1,LowSESManipulation,8
100,1072,20,1,,1,,8,,5,2,2,2,homeless,cant receive income,cant receive benefits,4,1,,,,,0,5,3,3,3,2,1,3,3,4,3,3,0,3,6,4,2,1,1,1,54,54,52,52,51,51,51,52,52,1,7,2,7,2,4,2,2,4,2,4,5,5,3,1,2,5,1,1,1,1,1,7,7,1,7,1,1,1,1,7,1,7,7,1,HighSESManipulation,6
100,469,18,2,,1,,7,,5,10,5,3,Homeless,Children in Poverty,Jobless people ,5,1,,,,,0,7,7,7,1,5,1,7,7,1,7,7,1,1,7,1,1,1,1,1,91,50,90,30,90,90,91,90,90,1,3,5,4,5,4,6,6,5,4,2,4,4,6,3,2,4,1,1,1,1,1,7,7,7,7,1,1,1,1,7,7,7,7,1,HighSESManipulation,7
100,580,19,2,,1,,5,,3,13,7,7,,,,,1,millionaires/billionaires,CEOs/Investors,People who come from Old Money,6,1,7,7,7,2,4,1,5,6,2,6,5,1,1,6,2,2,1,1,1,100,100,100,100,100,100,100,100,100,1,3,6,5,6,6,2,4,2,6,2,4,2,5,2,5,3,1,3,2,3,1,7,7,7,7,2,2,1,2,7,7,6,7,1,LowSESManipulation,8
100,460,18,2,,1,,5,,6,12,4,3,,,,,1,Millionaires,president ,Elon Musk ,3,1,4,3,3,5,2,1,5,6,2,3,3,0,5,4,5,2,3,3,1,91,91,75,95,92,65,63,61,61,1,5,4,5,3,6,2,3,2,5,4,4,2,4,2,5,1,1,3,2,2,2,3,5,2,4,3,5,3,3,5,5,3,3,1,LowSESManipulation,7
100,654,20,2,,1,,3,,6,10,4,4,,,,,1,athletes,actors,music artists,2,1,5,4,5,2,4,1,5,6,2,5,4,1,1,5,4,4,4,4,1,80,80,80,80,80,80,80,80,80,1,7,4,7,1,4,1,5,1,6,3,4,1,5,1,6,2,1,1,4,4,6,4,4,4,4,4,6,4,4,6,4,5,4,1,LowSESManipulation,8
100,475,22,1,,1,,12,,6,4,6,6,african american families without a father,first generation immigrants,the mentally handicapped,6,1,,,,,0,1,1,1,7,1,1,1,1,7,1,1,1,7,1,4,5,1,5,1,100,100,100,100,100,100,100,,100,1,7,1,7,1,4,1,4,4,7,4,4,4,4,4,4,4,1,1,4,1,1,3,6,7,4,4,4,3,4,4,6,4,4,1,HighSESManipulation,7
100,504,18,1,,1,,6,,7,9,5,7,homeless people,incarcerated people,severely disabled people ,9,1,,,,,0,1,1,1,7,1,1,1,1,7,1,1,0,7,5,3,1,1,1,1,50,50,50,50,50,50,50,50,50,1,7,1,7,1,4,1,3,4,4,4,4,1,3,4,4,4,1,1,1,1,1,6,7,7,7,7,7,7,7,7,6,6,1,1,HighSESManipulation,6
100,432,21,2,,1,,11,,6,12,3,3,,,,,1,Celebrity ,Politician ,Doctor ,2,1,5,5,5,3,5,1,4,5,2,5,5,1,2,6,3,3,2,6,1,71,70,70,71,70,70,70,70,70,1,7,2,6,2,7,1,4,1,6,2,5,2,6,2,6,3,1,1,1,4,4,7,6,7,5,1,2,1,1,7,7,7,7,1,LowSESManipulation,8
100,524,21,2,,1,,5,,8,13,4,7,Homeless People,"People on food stamps, using government handouts ",Unemployed,8,1,,,,,0,3,1,4,4,2,1,1,2,4,1,2,1,3,4,5,2,1,1,1,100,100,90,100,96,100,96,48,49,1,7,2,2,4,7,1,7,1,7,1,7,1,7,1,7,1,1,5,1,4,1,5,4,6,2,5,3,3,4,4,4,4,4,1,HighSESManipulation,7
100,955,18,2,,1,,6,,2,13,5,6,The homeless,The unemployed ,sex workers,5,1,,,,,0,7,7,7,1,3,1,7,7,1,6,7,1,1,6,1,1,1,1,1,90,90,90,80,80,95,75,90,75,1,5,3,7,3,4,4,5,4,2,4,2,4,5,4,3,4,1,2,1,1,1,7,7,7,7,7,7,1,2,7,6,6,6,0,HighSESManipulation,6
100,551,18,2,,1,,3,,2,5,2,2,Fast food workers,Strippers,Homeless ,7,1,,,,,0,6,6,6,1,6,1,3,3,3,3,6,1,1,7,1,1,1,1,1,100,100,100,100,100,100,100,100,100,1,5,5,5,5,5,1,6,2,5,4,6,1,6,1,5,1,1,7,1,1,1,7,7,1,7,1,1,1,1,7,7,7,7,1,HighSESManipulation,7
100,344,19,7,gender queer,1,,11,,2,2,3,3,,,,,1,goverment officials ,corporate ceos ,a-list actors ,1,1,7,7,7,1,5,1,7,7,1,7,6,1,1,7,1,1,1,1,1,100,71,100,64,100,100,95,96,96,1,7,3,7,3,4,6,3,4,2,4,2,4,3,4,2,4,1,1,1,1,1,7,7,7,7,1,1,1,1,7,7,7,7,1,LowSESManipulation,8
100,1183,18,2,,1,,13,I am not affiliated with  any specific religion but I do have beliefs about certain topics regarding it.,8,10,5,2,The homeless. People that are unfortunate enough to have a roof over their head and food before them.,"People who live outside/inside the city. For example, downtown Cleveland. Lower income families.",People who don't have a job to sustain themselves because the didn't get the correct or enough education.,7,1,,,,,0,3,3,5,4,3,1,2,3,5,3,3,1,3,4,4,4,5,4,1,70,70,70,70,70,60,100,70,70,1,3,4,4,4,4,4,4,4,5,3,5,4,4,4,5,4,1,5,7,7,6,3,4,4,4,4,5,2,4,5,4,4,3,1,HighSESManipulation,7
100,981,18,2,,1,,5,,7,13,7,5,,,,,1,Celebrities.,Professional sport athletes. ,Doctors or health care workers.,6,1,4,5,5,4,5,1,5,5,3,5,4,1,3,5,4,4,4,4,1,100,100,100,100,100,100,100,100,100,1,4,4,2,2,2,4,4,4,4,4,4,4,4,4,4,4,1,4,3,5,4,4,5,3,4,3,5,4,3,5,5,5,4,1,LowSESManipulation,8
100,405,19,2,,1,,13,Non Religious ,2,2,6,5,Poverty income level families,Homeless,Food insecure,6,1,,,,,0,7,7,7,1,6,1,6,7,1,6,6,1,1,7,1,1,1,2,1,100,45,100,12,100,100,82,100,100,1,5,4,5,3,4,6,6,5,3,2,4,5,6,4,3,2,1,2,2,2,1,6,7,6,7,1,1,1,1,7,6,7,7,1,HighSESManipulation,7
100,504,19,2,,1,,5,,8,12,6,6,,,,,1,People who have a very well playing job.,People who have a very high education and use this in their daily lives.,People who are very happy with their lives.,6,1,4,5,4,5,1,1,2,5,1,4,4,1,4,5,5,1,1,1,1,100,100,100,100,100,100,100,100,100,1,2,3,4,4,7,1,6,1,7,1,7,1,7,1,7,1,1,1,1,1,1,7,1,1,1,2,1,4,2,6,6,4,6,1,LowSESManipulation,8
75,104,18,2,,1,,7,,5,7,5,3,Homeless,people in poverty,single parent,5,1,,,,,0,,,,,,0,,,,,,0,,,,,,,0,,,,,,,,,,0,,,,,,,,,,,,,,,,,0,,,,,,,,,,,,,,,,,0,HighSESManipulation,1
6,14,,,,,,,,,,,,,,,,0,,,,,0,,,,,,0,,,,,,0,,,,,,,0,,,,,,,,,,0,,,,,,,,,,,,,,,,,0,,,,,,,,,,,,,,,,,0,,0
100,525,18,2,,1,,13,None,5,8,3,5,,,,,1,Actors,Singers,Producers,5,1,6,5,5,3,4,1,4,4,2,4,5,1,1,7,3,2,4,4,1,100,100,100,100,100,100,100,100,100,1,7,3,7,2,7,5,6,1,6,4,4,4,4,1,4,4,1,4,2,2,1,7,7,7,4,4,4,4,4,7,6,7,7,1,LowSESManipulation,8
81,183,,2,,2,,8,,5,4,4,6,,,,,1,jeff bezos ,big tech companies ,kardashians ,6,1,,,,,,0,,,,,,0,,,,,,,0,,,,,,,,,,0,,,,,,,,,,,,,,,,,0,,,,,,,,,,,,,,,,,0,LowSESManipulation,2
6,11,,,,,,,,,,,,,,,,0,,,,,0,,,,,,0,,,,,,0,,,,,,,0,,,,,,,,,,0,,,,,,,,,,,,,,,,,0,,,,,,,,,,,,,,,,,0,,0
84,140,21,2,,1,,11,,7,11,5,3,,,,,1,Celebrity ,Politician ,Elon musk ,2,1,5,5,5,3,5,1,4,4,4,5,4,1,1,7,3,2,2,2,1,,,,,,,,,,0,,,,,,,,,,,,,,,,,0,,,,,,,,,,,,,,,,,0,LowSESManipulation,5
100,281,19,2,,1,,7,,3,13,6,7,Homeless or very low-income,Construction works & factory workers,Farmers ,8,1,,,,,0,7,6,6,1,6,1,6,7,1,6,6,1,1,5,1,1,1,1,1,66,53,76,29,77,87,59,79,81,1,2,4,5,5,5,3,5,4,4,2,4,2,5,4,3,1,1,1,1,1,1,7,7,7,7,1,1,1,1,7,7,7,7,1,HighSESManipulation,7
100,2898,19,2,,1,,12,,5,10,6,6,Fast food worker,Homeless,single parent,6,1,,,,,0,6,4,5,4,2,1,7,6,1,6,5,1,2,4,4,4,1,3,1,86,77,50,92,51,79,82,50,49,1,7,2,6,4,4,4,7,5,5,4,6,4,6,5,5,4,1,4,4,4,4,4,4,4,4,4,4,4,4,4,4,4,4,1,HighSESManipulation,7
100,1612,26,1,,1,,6,,3,12,6,6,,,,,1,Company CEO,Lawyer,Doctor,3,1,7,5,7,3,4,1,2,1,6,2,2,1,1,7,1,1,1,4,1,90,70,85,0,90,85,100,100,80,1,7,1,7,1,4,2,1,2,4,3,4,3,2,1,4,2,1,1,1,1,1,7,1,1,1,1,1,1,1,7,7,7,7,1,LowSESManipulation,8
100,453,21,2,,1,,11,,1,7,2,5,People in poverty,Migrants seeking asylum,People of color ,8,1,,,,,0,7,7,7,1,4,1,6,7,1,6,6,1,1,6,1,1,1,1,1,100,50,70,50,100,100,96,100,100,1,3,2,7,1,6,5,3,2,3,1,5,4,5,1,2,2,0,2,1,2,1,7,7,7,7,1,1,1,1,7,7,7,7,1,HighSESManipulation,6
100,521,18,2,,1,,12,,3,8,5,3,,,,,1,Elon Musk,Jeff Bezos,Harry Styles,4,1,7,7,7,1,6,1,5,6,1,6,6,0,1,6,2,2,1,3,1,95,70,95,30,70,95,75,95,80,1,5,3,6,4,4,2,3,1,3,6,4,3,4,2,3,4,1,6,1,2,1,7,7,6,4,1,2,1,1,1,1,1,1,1,LowSESManipulation,7
100,359,18,2,,1,,5,,6,12,7,6,Celebrities ,Professional athletes ,Business owners and healthcare workers ,6,1,,,,,0,5,5,4,3,5,1,5,5,4,5,4,1,3,4,3,4,4,4,1,100,100,100,100,100,100,100,100,100,1,5,3,5,3,5,4,4,4,4,4,4,4,5,4,4,4,1,4,4,5,3,5,5,4,4,3,3,4,4,6,6,6,6,1,HighSESManipulation,7
100,13092,18,2,,1,,5,,6,12,7,6,,,,,1,Professional athletes ,Celebrities ,Business owners or healthcare workers ,6,1,5,5,5,3,4,1,5,5,3,5,5,1,3,4,3,3,4,4,1,91,100,86,100,91,98,100,76,80,1,4,3,5,3,5,4,5,5,5,5,4,4,5,5,5,4,1,4,3,5,3,6,5,5,4,3,3,4,3,5,5,5,5,1,LowSESManipulation,8
100,698,40,2,,6,,7,,3,3,2,3,,,,,1,Doctors,Lawyers ,Experts or consultants in high demand expertise ,6,1,,,,,,0,,,,,,0,1,6,1,1,1,1,1,81,81,75,75,70,80,80,80,85,1,1,7,1,7,7,1,4,1,7,3,6,1,3,1,7,2,1,1,1,1,1,1,7,1,7,1,1,1,1,7,7,7,7,1,LowSESManipulation,6
100,796,18,2,,1,,7,,3,13,5,6,Fast food workers,Homeless,Childcare workers,5,1,,,,,0,7,7,7,1,7,1,2,4,4,4,4,1,1,6,1,2,1,1,1,100,100,100,70,100,100,100,100,100,1,7,4,4,4,4,4,4,4,4,4,4,4,4,4,4,4,1,1,1,1,1,7,7,7,7,1,1,1,1,7,7,7,7,1,HighSESManipulation,7
100,568,19,2,,1,,5,,4,13,5,2,Those who might be have been laid off to no fault of their own ,those who might be living on the street due to untreated illness or addiction ,those who might be homeless,8,1,,,,,0,7,7,7,1,7,1,6,7,1,7,7,1,1,6,1,1,1,1,1,100,65,90,100,100,85,96,80,75,1,3,5,5,3,6,5,4,3,4,2,5,4,4,1,3,4,1,1,1,1,1,7,7,7,6,1,1,1,2,7,7,7,6,1,HighSESManipulation,7
100,375,22,1,,"1,2,3,4,5,6,7,8",All the above,3,,7,3,4,5,,,,,1,President,Billionaires,Land owners (more than 10 acres),5,1,1,1,1,7,1,1,1,1,7,1,1,1,6,5,4,1,4,4,1,100,100,100,100,100,100,100,100,100,1,7,1,7,1,4,1,4,1,4,4,4,4,4,1,4,4,1,4,4,4,4,4,4,4,4,4,4,4,4,4,4,4,4,1,LowSESManipulation,8
100,813,19,1,,1,,8,,6,12,2,2,,,,,1,Bill Gates,Jeff Bezos,Elon Musk,7,1,1,1,1,7,1,1,1,1,6,1,1,1,3,5,4,1,4,4,1,100,100,100,100,100,100,100,100,100,1,7,1,7,1,4,1,5,1,6,2,4,1,5,2,4,3,1,1,4,4,1,4,1,4,7,7,2,6,7,4,2,4,1,1,LowSESManipulation,8
100,503,19,2,,1,,5,,2,12,4,6,homeless,minimum wage jobs ,single parents ,4,1,,,,,0,7,7,7,1,5,1,7,7,1,7,7,1,1,7,1,1,1,1,1,100,100,100,100,100,100,100,100,100,1,5,5,7,1,7,6,7,2,6,4,6,4,6,2,5,4,1,4,1,1,1,6,7,6,2,1,6,1,1,6,6,7,7,1,HighSESManipulation,7
100,11432,19,1,,1,,13,"non religious, probs closer to agnostic",3,8,5,7,Low socioeconomic status households,non educated families,Fast food workers,5,1,,,,,0,7,7,5,1,3,1,3,3,3,5,5,1,1,7,1,2,2,2,1,100,100,100,100,100,100,100,100,100,1,5,3,3,3,4,3,3,4,5,4,5,4,5,4,4,4,1,3,5,5,2,6,6,5,5,2,5,3,3,3,7,6,5,1,HighSESManipulation,7
100,627,20,1,,1,,5,,2,11,5,6,,,,,1,Billionaires,Government Officials,Doctors,3,1,6,7,6,1,6,1,6,6,2,6,6,1,2,5,2,2,1,1,1,70,70,60,39,90,75,75,85,80,1,3,5,3,4,4,5,2,4,4,2,5,4,2,3,3,6,1,1,1,2,1,6,6,6,6,2,4,2,4,5,2,5,5,1,LowSESManipulation,8
100,397,19,2,,1,,8,,5,7,3,3,,,,,1,Christian,Doctors ,Community officials ,5,1,3,3,6,6,4,1,5,5,2,5,5,1,1,7,1,1,1,1,1,75,83,65,97,82,11,12,12,,1,5,3,5,3,3,5,4,4,4,3,3,4,5,3,4,3,1,4,3,3,3,6,6,6,6,4,5,3,3,5,5,5,5,1,LowSESManipulation,8
100,977,18,2,,1,,13,Greek Orthodox,4,8,6,7,Families living in poverty,People addicted to drugs and living on the streets,"Being unable to afford the proper amount of food, leading to malnutrition ",7,1,,,,,0,6,6,5,4,4,1,1,6,1,4,5,1,2,7,1,1,1,6,1,100,100,98,100,100,99,100,100,100,1,5,5,5,5,7,1,7,2,7,1,6,1,7,1,7,2,1,6,6,6,4,6,5,3,5,1,1,2,2,7,5,6,4,1,HighSESManipulation,7
100,702,19,1,,1,,8,,5,12,5,2,people in not modernized areas,people in Africa,People who are single parents ,6,1,,,,,0,5,4,3,5,3,1,4,4,6,5,4,0,2,6,4,4,3,3,1,100,100,100,100,100,61,100,54,61,1,6,5,7,4,4,4,3,4,4,3,5,3,4,4,3,3,1,4,4,4,1,6,4,6,2,3,4,3,4,6,7,4,4,1,HighSESManipulation,6
100,736,20,2,,1,,3,,7,12,5,7,,,,,1,business owners,doctors,politicians,7,1,5,5,5,3,5,1,5,6,2,6,6,1,2,6,3,2,2,3,1,100,100,100,100,100,100,100,100,100,1,5,3,4,3,5,3,5,4,5,5,3,4,4,4,4,4,1,4,4,4,4,4,4,4,4,4,4,4,4,4,4,4,4,1,LowSESManipulation,8
100,1063,18,1,,2,,5,,4,12,6,5,,,,,1,celebritys ,surgeons ,doctors ,6,1,,,,,,0,,,,,,0,1,7,1,1,1,1,1,100,100,100,100,100,100,100,100,100,1,4,7,7,7,7,1,4,1,7,6,7,1,4,1,7,6,1,1,1,1,2,7,7,7,7,1,1,1,1,7,7,7,7,1,LowSESManipulation,6
100,545,20,2,,2,,3,,4,12,5,3,no education,no trade,no motivation/drive,7,1,,,,,0,,,,,,0,,,,,,0,1,1,7,1,1,1,1,95,50,50,70,50,50,50,50,50,1,3,6,2,5,4,1,2,1,7,6,6,2,3,1,7,5,1,1,1,2,1,7,5,7,3,1,1,7,1,7,7,7,7,1,HighSESManipulation,5
6,31,,,,,,,,,,,,,,,,0,,,,,0,,,,,,0,,,,,,0,,,,,,,0,,,,,,,,,,0,,,,,,,,,,,,,,,,,0,,,,,,,,,,,,,,,,,0,,0
100,726,19,1,,2,,8,,3,12,6,6,People with an absence of a high school education or diploma. ,People who were raised in a single parent household.,Minorities born into poverty. ,8,1,,,,,0,,,,,,0,,,,,,0,1,7,1,1,1,1,1,100,70,100,100,100,100,90,100,100,1,2,7,4,6,7,1,3,2,7,6,7,1,3,1,7,5,1,1,1,3,1,7,7,7,7,1,1,1,2,7,7,7,7,1,HighSESManipulation,5
100,325,19,2,,1,,2,,2,12,5,2,,,,,1,doctors,celebrities ,lawyers ,5,1,7,7,7,1,7,1,7,7,1,7,7,1,1,3,1,1,1,1,1,100,80,90,46,63,100,100,91,83,1,2,6,6,6,6,2,4,4,4,4,2,2,5,4,5,3,0,1,1,1,1,1,7,6,6,1,1,1,1,7,7,7,7,1,LowSESManipulation,7
100,155,19,2,,1,,8,,6,2,7,2,Poor,Young adults ,Homeless ,6,1,,,,,0,5,6,6,4,5,0,4,5,3,4,5,0,4,5,6,5,4,5,0,32,77,19,56,35,60,56,33,11,1,4,6,6,6,6,5,5,5,4,6,4,5,5,5,4,5,0,3,3,3,5,2,5,4,3,3,5,3,4,5,3,4,4,1,HighSESManipulation,3
100,1567,18,2,,1,,12,,5,12,4,4,,,,,1,People in CEO positions ,Government Officials ,Celebrities ,6,1,6,6,6,2,2,1,5,5,1,5,7,1,1,7,1,1,1,1,1,100,95,100,83,100,100,100,100,100,1,6,3,5,2,7,5,3,1,4,4,4,4,6,2,4,4,1,2,4,2,6,6,7,7,4,3,2,2,4,7,4,7,4,1,LowSESManipulation,8
100,445,19,2,,1,,12,,5,8,6,3,the under class,those who did not graduate high school ,people who are not living stable,4,1,,,,,0,7,4,7,1,1,1,6,7,1,7,7,1,1,1,1,1,1,1,1,100,100,100,91,100,100,100,100,86,1,7,1,7,1,4,5,6,2,3,4,3,4,6,4,2,4,1,1,1,1,4,4,7,1,4,1,1,1,1,7,7,7,7,1,HighSESManipulation,7
100,753,19,2,,1,,13,Unitarian Universalist,2,9,7,6,,,,,1,The 1%,CEOs,People with few morals and good ideas,4,1,7,7,6,1,4,1,7,7,1,7,7,1,1,7,1,1,1,1,1,100,53,100,64,100,100,32,100,100,1,6,1,7,1,4,5,3,3,3,6,4,6,3,3,3,2,1,1,1,1,1,7,7,7,7,1,1,1,5,7,7,7,7,1,LowSESManipulation,8
100,1113,19,1,,1,,,,5,7,2,2,,,,,1,Congress members,Professional sport players,World famous singers,5,1,2,1,2,5,1,1,1,1,7,1,1,1,3,5,5,1,5,1,1,50,50,50,50,50,50,50,50,50,1,7,4,7,3,6,1,6,1,4,4,7,1,4,1,7,4,1,5,5,6,5,4,7,7,7,6,5,6,6,7,4,6,2,1,LowSESManipulation,8
100,494,19,2,,1,,11,,2,9,3,1,Homeless people,garbage men,illegal immigrants,4,1,,,,,0,7,7,6,1,6,1,1,3,2,3,1,1,1,6,1,1,4,1,1,100,100,100,100,100,100,90,96,100,1,7,5,7,2,6,6,7,2,7,1,7,4,7,1,6,1,1,1,1,5,5,7,7,7,7,1,1,1,2,7,7,7,7,1,HighSESManipulation,7
100,566,19,2,,1,,5,,3,9,3,2,People who have dropped out of high school.,People who are homeless.,People who are drug addicts.,8,1,,,,,0,7,7,7,1,7,1,7,7,1,6,6,1,1,7,1,1,1,4,1,100,100,100,100,100,100,100,100,100,1,4,4,4,4,6,5,6,3,5,3,4,4,5,3,4,4,1,1,1,1,1,7,7,7,4,1,1,1,1,7,7,7,7,1,HighSESManipulation,7
100,473,23,1,,1,,11,,3,9,5,6,,,,,1,doctors,lawyers,famous people,4,1,7,7,7,1,5,1,2,6,1,6,6,0,1,7,1,1,1,1,1,100,68,100,46,72,78,77,78,54,1,3,1,7,1,6,2,2,2,4,3,6,4,5,1,5,3,1,4,1,4,2,7,7,7,7,1,2,2,2,7,7,7,7,1,LowSESManipulation,7
6,15,,,,,,,,,,,,,,,,0,,,,,0,,,,,,0,,,,,,0,,,,,,,0,,,,,,,,,,0,,,,,,,,,,,,,,,,,0,,,,,,,,,,,,,,,,,0,,0
100,798,19,1,,2,,8,,7,8,3,3,Homeless People,Drug Addicts,People who work very small jobs,6,1,,,,,0,,,,,,0,,,,,,0,2,7,1,1,1,2,1,100,100,100,100,100,100,100,100,100,1,7,2,7,2,4,1,6,2,7,2,6,1,6,1,7,2,1,1,1,1,1,4,7,7,7,1,1,1,1,7,6,7,7,1,HighSESManipulation,5
100,536,19,1,,1,,5,,6,11,3,6,,,,,1,Ceos,Big business owners,Bill gates,4,1,5,5,5,3,4,1,5,5,3,5,4,1,3,5,5,3,5,3,1,92,92,92,92,92,92,92,92,92,1,6,3,5,3,6,2,6,4,5,3,5,3,5,3,5,3,1,3,2,5,1,6,6,6,6,2,3,2,2,6,5,6,6,1,LowSESManipulation,8
53,50,18,2,,1,,8,,4,9,6,7,,,,,0,,,,,0,,,,,,0,,,,,,0,,,,,,,0,,,,,,,,,,0,,,,,,,,,,,,,,,,,0,,,,,,,,,,,,,,,,,0,LowSESManipulation,0
100,410,21,2,,1,,6,,2,7,5,5,,,,,1,Wealthy,Political figures,Celebrities ,5,1,7,7,6,1,6,1,6,7,1,7,7,1,1,7,1,1,1,1,1,96,60,80,50,85,96,97,83,83,1,5,3,5,4,7,5,4,2,4,4,7,4,2,1,2,4,1,1,1,2,1,7,7,7,6,1,1,1,7,7,7,7,7,1,LowSESManipulation,8
100,437,19,2,,1,,3,,9,10,4,3,homeless,unemployed,no education ,7,1,,,,,0,3,3,4,5,4,1,4,5,3,3,4,1,5,5,5,4,4,3,1,100,100,100,100,100,100,100,100,100,1,5,5,6,4,5,2,5,2,7,4,6,2,7,3,6,5,1,4,3,1,1,7,7,7,5,1,1,1,1,7,7,7,7,1,HighSESManipulation,7
53,69,,2,,1,,3,,5,6,5,2,,,,,0,,,,,0,,,,,,0,,,,,,0,,,,,,,0,,,,,,,,,,0,,,,,,,,,,,,,,,,,0,,,,,,,,,,,,,,,,,0,HighSESManipulation,0
100,1056,21,1,,1,,5,,3,11,6,5,,,,,1,Jeff Bezos,Bill Gates,Elon Musk,5,1,7,6,7,1,6,1,5,5,3,3,6,1,2,3,2,2,1,2,1,81,80,75,83,82,75,84,81,74,1,6,3,3,5,4,3,6,3,7,4,5,3,6,3,6,5,1,2,2,5,2,5,6,6,6,2,2,2,6,7,6,6,5,1,LowSESManipulation,8
100,322,20,2,,7,,7,,2,13,6,5,homeless individuals,people living in poverty,non highschool graduates,5,1,,,,,0,,,,,,0,,,,,,0,1,7,1,1,1,1,1,100,39,100,39,100,100,89,100,100,1,1,7,2,7,7,2,2,3,6,3,3,2,7,2,6,5,1,1,1,1,1,7,7,7,7,7,1,1,1,7,7,7,7,1,HighSESManipulation,5
100,1103,22,1,,1,,3,,6,13,4,4,,,,,1,Politians ,Business people,celebrities,5,1,6,5,4,1,4,1,1,1,7,1,7,0,1,6,1,1,4,1,1,60,45,50,60,60,50,50,30,10,1,7,5,7,2,6,1,3,3,4,4,4,1,5,1,4,5,1,1,1,1,1,7,7,7,7,1,1,7,2,7,7,7,7,1,LowSESManipulation,7
100,475,19,2,,1,,12,,5,13,6,5,,,,,1,Business ,Hard Working,Educated ,7,1,1,1,1,7,1,1,1,2,4,5,1,1,7,4,3,1,1,1,1,100,100,100,100,100,50,100,100,30,1,7,4,6,1,6,1,2,1,7,4,7,1,2,1,7,4,1,1,1,1,1,7,7,7,7,1,1,1,2,7,6,7,7,1,LowSESManipulation,8
100,327,19,2,,1,,8,,4,9,3,1,Homeless,Minumum wage workers,high school dropouts,5,1,,,,,0,6,7,6,1,6,1,6,7,1,6,6,1,1,7,3,2,1,1,1,100,100,100,100,100,100,100,82,81,1,5,4,4,4,4,4,4,4,4,2,4,4,4,4,4,4,1,4,3,3,2,5,7,7,6,1,1,2,2,7,7,7,7,1,HighSESManipulation,7
100,1450,26,2,,1,,13,None,5,9,3,2,Non citizen immigrants,Hispanic Americans,African American,4,1,,,,,0,7,6,6,1,3,0,5,6,2,5,6,1,1,7,1,1,1,1,1,100,100,80,50,80,100,100,100,100,1,7,1,7,1,4,4,3,4,5,4,4,5,5,5,5,4,1,1,1,1,1,7,7,7,7,1,1,1,1,7,7,7,7,1,HighSESManipulation,6
100,1007,19,2,,7,,4,,5,3,2,2,,,,,1,Royal families ,People who own companies ,celebrities,8,1,,,,,,0,,,,,,0,2,2,2,1,1,1,1,81,82,100,89,84,0,0,85,0,1,4,4,3,4,6,1,6,3,5,4,4,3,3,3,6,5,1,1,1,1,1,7,7,7,7,1,1,1,1,7,7,7,7,1,LowSESManipulation,6
100,548,21,2,,1,,1,,5,9,5,3,,,,,1,"Straight, White, Males. Disclaimer: I do not agree with this, but this is how society is right now","Straight, White, Women","LGBTQ, White, Men and Women ",9,1,7,6,6,1,4,1,6,6,1,5,5,1,1,1,1,1,1,1,1,81,81,81,81,81,81,81,81,81,1,6,6,6,4,7,2,4,1,5,1,7,1,5,1,5,1,1,1,1,1,1,6,7,7,7,1,4,1,1,7,7,7,7,1,LowSESManipulation,8
100,567,19,2,,1,,5,,5,12,5,6,poor people,criminals ,addicts to drugs or alcohol,9,1,,,,,0,6,4,6,3,4,1,4,6,2,6,7,0,4,6,2,1,4,5,1,60,70,52,81,52,70,43,42,43,1,7,4,6,5,5,2,7,1,7,4,6,2,6,2,6,2,1,5,3,2,5,7,7,7,7,1,1,1,1,7,7,7,7,1,HighSESManipulation,6
100,523,19,1,,1,,6,,4,11,4,5,Homeless people ,Low income people ,Disabled ,5,1,,,,,0,4,4,4,4,4,1,4,4,4,5,4,1,2,5,4,4,4,4,1,100,100,100,100,100,100,100,100,100,1,4,4,4,4,4,4,4,4,4,4,4,4,4,3,4,3,1,4,1,1,1,4,7,6,6,2,2,2,4,7,7,6,7,1,HighSESManipulation,7
100,603,18,1,,1,,8,,3,5,3,3,,,,,1,Doctors,Good Lawyers,Politicians,3,1,6,7,6,2,2,1,4,4,4,4,4,1,1,7,1,1,1,1,1,100,82,100,100,100,100,100,100,100,1,6,2,6,1,5,2,4,1,4,3,4,2,5,2,4,3,1,1,1,1,1,1,7,7,7,1,1,1,1,7,7,7,6,1,LowSESManipulation,8
100,323,20,2,,1,,8,,5,13,5,5,,,,,1,,,,5,1,6,6,6,2,4,1,4,7,1,3,4,1,1,5,1,1,1,1,1,100,100,100,100,100,100,100,100,100,1,4,4,4,4,4,4,4,4,4,4,4,4,4,4,4,4,1,4,4,4,4,4,4,4,4,4,4,4,4,4,4,4,4,1,LowSESManipulation,8
100,515,18,2,,1,,3,,2,12,3,3,Those who are homeless,People who can’t afford to eat everyday,Those who don’t have the money to get water ,6,1,,,,,0,6,6,6,2,4,1,6,7,1,6,7,1,1,4,1,1,1,1,1,100,86,100,100,100,100,100,100,100,1,4,3,6,4,5,5,2,2,4,3,3,5,5,4,4,3,1,1,1,1,1,7,7,7,7,1,1,1,1,7,7,7,7,1,HighSESManipulation,7
100,352,20,1,,1,,3,,,12,6,3,People in Prison,Minority populations that deal with racism and harassment,Field Laborers being paid less than minimum wage under terrible conditions.,7,1,,,,,0,7,7,7,1,7,1,5,6,2,6,5,1,1,7,1,1,2,1,1,100,96,100,100,100,100,100,100,51,1,2,2,5,4,4,3,4,4,4,4,5,3,4,2,4,4,1,1,1,2,1,7,7,7,4,1,1,1,1,7,7,7,7,1,HighSESManipulation,7
6,6,,,,,,,,,,,,,,,,0,,,,,0,,,,,,0,,,,,,0,,,,,,,0,,,,,,,,,,0,,,,,,,,,,,,,,,,,0,,,,,,,,,,,,,,,,,0,,0
100,496,18,1,,"1,3,4",,5,,7,5,3,5,,,,,1,Politicians,Jeff Bezos ,Ted Turner,3,1,5,3,3,5,2,1,2,3,4,2,3,1,1,6,2,1,2,2,1,82,81,71,81,82,78,80,75,76,1,7,1,6,2,4,1,4,4,5,5,4,2,6,2,5,2,0,2,2,2,2,6,7,6,5,2,3,3,2,6,6,5,5,1,LowSESManipulation,7
100,376,20,1,,"1,7",,5,,3,12,6,3,,,,,1,CEOs,Celebrities,Stock Brokers,8,1,7,7,7,1,5,1,5,7,1,4,5,1,1,6,1,1,1,5,1,100,100,100,100,100,100,100,100,100,1,4,4,6,6,4,4,7,6,6,7,6,5,7,7,6,7,1,4,1,1,1,7,7,7,7,1,1,1,1,7,7,7,7,1,LowSESManipulation,8
100,356,22,2,,1,,8,,7,12,3,5,Less than high school level education,No college degree,Teen mom/single parent,6,1,,,,,0,6,6,6,2,4,1,5,5,2,3,5,1,1,6,4,4,4,4,1,93,89,57,84,84,66,88,77,80,1,4,3,4,5,5,5,5,5,5,3,3,3,5,4,5,4,1,4,2,4,5,4,6,5,5,3,3,3,3,4,4,5,5,1,HighSESManipulation,7
100,559,19,2,,1,,11,,3,12,3,3,homeless,disabled ,elderly ,7,1,,,,,0,7,7,7,1,7,1,6,6,1,6,7,1,1,7,1,1,1,2,1,95,50,60,5,100,100,50,70,70,1,6,4,7,2,4,3,6,4,6,1,4,2,7,4,5,2,1,1,1,1,1,7,7,7,6,1,1,1,2,7,7,7,7,1,HighSESManipulation,7
100,335,21,1,,6,,7,,5,6,7,7,,,,,1,CEO,lawyer大,politician,5,1,,,,,,0,,,,,,0,2,4,5,3,4,4,1,60,70,62,72,88,47,90,45,99,1,2,6,2,5,5,2,4,2,3,5,2,2,5,2,5,3,1,4,5,6,6,4,6,7,4,4,2,2,4,5,3,4,4,1,LowSESManipulation,6
53,91,19,2,,2,,6,,1,10,3,2,,,,,0,,,,,0,,,,,,0,,,,,,0,,,,,,,0,,,,,,,,,,0,,,,,,,,,,,,,,,,,0,,,,,,,,,,,,,,,,,0,HighSESManipulation,0
100,309,20,1,,"1,7",,5,,,12,6,3,People below the poverty line in the USA,People in developing countries,People who are homeless and battling mental issues,8,1,,,,,0,7,7,7,1,6,1,6,5,4,4,6,1,1,7,1,1,1,3,1,100,100,100,100,100,100,100,100,100,1,5,4,4,4,5,4,5,4,4,5,5,5,5,4,5,4,1,5,3,4,4,4,5,7,6,1,1,1,1,7,7,7,7,1,HighSESManipulation,7
100,752,20,2,,1,,13,Pagan,2,12,5,5,Refugees,Children in Poverty,Mentally Ill Homeless,7,1,,,,,0,6,6,7,2,5,1,7,7,1,6,6,1,1,7,2,1,1,1,1,94,76,70,26,100,100,90,100,95,1,3,2,3,2,4,5,6,6,5,3,2,7,6,5,2,6,1,2,2,2,2,7,7,7,7,1,2,2,3,7,7,6,7,1,HighSESManipulation,7
100,654,20,1,,1,,5,,4,11,3,5,,,,,1,Billionaire class,Political Elite,Celebrities,6,1,6,6,5,3,4,1,2,3,5,2,3,1,1,7,2,2,3,3,1,80,80,75,70,80,75,75,80,75,1,3,4,4,4,6,2,4,2,5,3,5,4,5,2,4,4,1,1,2,3,1,6,4,7,6,1,1,2,4,7,7,7,6,1,LowSESManipulation,8
100,750,20,2,,1,,7,,2,10,3,7,,,,,1,Jeff Bezos,Bill Gates,Elon Musk,3,1,7,7,7,1,6,1,5,7,1,6,7,1,1,7,1,1,1,1,1,80,10,80,10,70,80,45,80,80,1,7,2,6,2,4,1,7,1,5,3,2,6,6,3,3,2,1,1,1,1,1,7,7,7,7,1,1,7,2,7,7,7,7,1,LowSESManipulation,8
100,668,18,2,,1,,8,,4,11,2,3,Homeless people,People living in homeless shelter,Living in their cars,6,1,,,,,0,3,3,3,4,1,1,2,4,4,4,4,1,1,2,2,1,1,1,1,100,100,100,100,100,100,100,100,100,1,6,2,6,2,2,2,4,2,4,4,4,2,7,2,6,2,1,4,2,5,3,5,6,6,3,6,3,3,3,6,4,6,6,1,HighSESManipulation,7
100,480,18,1,,2,,8,,5,12,7,7,,,,,1,President ,Rappers ,Pro sports players,5,1,,,,,,0,,,,,,0,1,1,1,1,1,1,1,100,100,100,100,100,0,,,,1,4,7,1,7,7,1,2,1,7,7,7,1,4,1,7,4,1,4,4,4,7,7,7,7,7,1,1,1,1,7,7,7,7,1,LowSESManipulation,6
100,698,20,2,,"1,2",,8,,3,9,3,5,Homeless,Sex workers ,Pick pockets ,4,1,,,,,0,6,2,5,1,7,1,3,7,7,5,4,1,1,6,2,2,2,1,1,90,50,50,80,50,65,50,50,40,1,2,6,3,6,6,2,2,2,6,7,6,2,2,3,6,7,1,4,3,3,4,5,7,7,6,5,5,3,2,6,7,7,7,1,HighSESManipulation,7
53,29,20,2,,1,,8,,5,13,5,5,,,,,0,,,,,0,,,,,,0,,,,,,0,,,,,,,0,,,,,,,,,,0,,,,,,,,,,,,,,,,,0,,,,,,,,,,,,,,,,,0,HighSESManipulation,0
84,636,46,2,,1,,5,,3,7,7,5,,,,,1,Business  leaders,Non-denominational christian leaders,Actors,5,1,7,5,5,2,6,1,1,1,4,1,4,1,2,3,2,1,4,2,1,,,,,,,,,,0,,,,,,,,,,,,,,,,,0,,,,,,,,,,,,,,,,,0,LowSESManipulation,5
100,1022,19,2,,1,,8,,6,12,5,5,The very bottom of this latter would consist of the unemployed. ,The lower end of this level would be people who have yet to receive their high school diplomas ,The bottom of this latter would consist of criminals. ,4,0,,,,,0,4,3,4,4,4,1,1,4,4,4,4,1,1,6,3,1,4,1,1,100,100,100,100,100,100,100,60,50,1,7,1,7,1,6,4,4,4,4,3,5,4,3,4,4,5,1,1,1,5,1,4,5,4,5,2,4,4,5,7,5,5,4,1,HighSESManipulation,6
100,399,22,2,,1,,8,,7,12,3,5,,,,,1,Politicians,actors,business men,6,1,6,6,6,3,5,1,6,6,2,5,6,1,2,6,4,2,4,5,1,72,72,37,75,75,58,78,42,37,1,4,4,4,4,4,4,4,5,4,4,4,4,5,5,5,4,1,4,5,5,5,3,4,4,4,4,4,5,4,4,4,4,5,1,LowSESManipulation,8
100,326,19,1,,1,,7,,4,12,5,5,,,,,1,"Tech company CEOS; Zuckerburg, Bezos, etc.","Stock company CEOs: Musk, Tim Cook, Bezos, etc",Extreme Wealth: Families of generational wealth (secret wealth) typically out in the middle east (oil families) ,4,1,7,7,7,1,3,1,7,7,1,7,7,1,1,7,1,1,1,1,1,100,100,100,43,45,100,100,100,100,1,7,1,7,1,7,5,1,1,4,4,4,4,4,1,3,4,1,1,1,1,1,1,7,7,7,1,7,1,3,7,7,7,7,1,LowSESManipulation,8
100,6984,20,1,,1,,11,,5,11,7,6,Low income families ,Foster Care Children,Inner City families,7,1,,,,,0,4,5,5,4,4,1,2,5,3,5,5,1,5,5,3,3,3,3,1,43,68,46,59,42,73,41,63,64,1,7,1,7,1,7,1,4,2,7,5,7,1,4,1,7,3,1,1,2,2,1,7,7,7,7,2,4,4,5,5,5,5,5,1,HighSESManipulation,7
100,1016,21,2,,1,,5,,6,2,3,3,,,,,1,Doctors ,Engineers ,Politicians ,3,1,1,1,1,7,1,1,1,1,5,1,1,1,3,5,1,1,1,1,1,100,100,100,100,100,100,100,100,100,1,6,1,6,1,7,1,1,1,3,1,7,1,3,1,7,3,1,1,1,1,1,7,7,7,1,1,1,1,1,7,7,7,7,1,LowSESManipulation,8
100,411,19,2,,1,,3,,1,13,6,7,minorities,blue collar workers,homeless,5,1,,,,,0,6,6,6,2,5,1,6,6,2,6,6,1,1,7,1,1,1,2,1,65,56,65,66,67,68,68,70,68,1,5,3,6,3,3,6,6,5,5,3,3,3,5,4,3,5,1,2,2,2,2,6,6,6,6,2,2,2,2,6,2,6,6,1,HighSESManipulation,7
100,387,21,2,,1,,8,,6,12,2,2,,,,,1,,,,6,1,6,6,5,2,5,1,5,5,1,4,5,1,2,2,2,1,4,4,1,100,100,100,100,100,100,100,100,100,1,6,5,4,4,4,5,4,4,5,5,4,4,4,4,4,4,1,4,1,2,1,7,7,7,4,1,1,1,1,7,7,7,7,1,LowSESManipulation,8
100,854,19,1,,1,,7,,2,12,5,5,homeless people,undocumented immigrants,people in prison,7,1,,,,,0,7,7,7,1,7,1,5,6,3,5,5,1,1,6,1,1,1,1,1,100,90,100,70,100,100,100,100,100,1,3,4,4,4,4,3,5,4,4,3,4,2,6,4,4,4,1,1,1,1,1,7,7,7,7,1,1,1,1,7,7,7,7,1,HighSESManipulation,7
100,685,18,1,,2,,3,,3,5,3,3,,,,,1,The Wealthy,Politicians ,Business Owners,2,1,,,,,,0,,,,,,0,1,7,1,1,1,1,1,100,95,90,80,80,100,80,80,80,1,2,7,3,7,7,1,4,2,7,4,7,1,6,2,7,1,1,1,2,4,2,1,1,6,6,6,5,6,4,5,2,7,4,1,LowSESManipulation,6
53,339,18,2,,1,,6,,2,12,3,6,,,,,0,,,,,0,,,,,,0,,,,,,0,,,,,,,0,,,,,,,,,,0,,,,,,,,,,,,,,,,,0,,,,,,,,,,,,,,,,,0,LowSESManipulation,0
100,843,42,2,,1,,8,,2,4,6,3,mcdonald's employee,people on welfare,unemployed,6,1,,,,,0,7,5,6,2,5,1,5,5,3,5,5,1,2,6,2,2,2,2,1,81,82,56,70,79,83,83,83,83,0,5,5,5,5,5,5,5,3,5,4,5,3,5,3,5,3,1,2,2,2,2,5,6,6,5,2,2,5,2,7,7,7,7,1,HighSESManipulation,6
100,806,20,2,,1,,3,,3,12,6,3,,,,,1,Kim Kardashian,Bill Gates,Mark Zuckerburg,4,1,7,7,7,1,7,1,4,7,1,4,4,1,1,7,1,1,1,1,1,80,81,80,80,80,80,80,80,80,1,4,4,4,4,4,4,4,4,4,4,4,4,4,4,4,4,1,1,1,1,1,7,7,7,7,1,1,1,1,7,7,7,7,1,LowSESManipulation,8
100,711,19,2,,1,,12,,3,7,4,3,,,,,1,CEO's,Hedge fund managers,Celebrities,4,1,6,5,5,4,4,1,6,6,2,5,5,1,3,6,4,1,3,5,1,100,100,100,100,100,100,100,100,100,1,7,4,7,4,4,4,3,4,5,3,4,4,3,4,4,4,1,1,1,5,1,7,5,6,4,2,2,3,3,6,6,5,6,1,LowSESManipulation,8
100,549,19,2,,1,,11,,4,11,3,4,minorities ,possibly people with mental illness,poor people,7,1,,,,,0,7,7,7,2,6,1,7,7,1,6,6,0,1,7,1,1,4,2,1,85,80,60,45,70,75,75,50,50,1,5,3,5,3,5,3,4,5,6,4,4,4,5,5,3,4,1,3,3,3,3,6,6,6,6,2,6,2,2,6,6,6,7,1,HighSESManipulation,6
100,480,18,2,,1,,1,,5,13,5,6,homeless,kids with no families ,low lower class ,6,1,,,,,0,4,4,3,4,6,1,3,4,4,4,3,1,3,4,5,3,5,3,1,85,86,72,95,95,95,95,84,85,1,4,5,5,5,5,5,5,4,5,5,4,5,4,5,3,4,1,3,4,3,5,5,4,4,4,5,4,4,4,5,4,4,3,1,HighSESManipulation,7
100,389,22,1,,1,,12,,6,12,6,2,,,,,1,Professional Athletes and their families,Owners of large corporations,Top-level Actors and Actresses,4,1,4,2,4,4,2,1,1,4,4,4,4,1,3,6,4,4,4,4,1,93,96,43,70,59,36,72,50,50,0,7,1,7,1,4,4,4,4,4,4,4,4,4,1,6,4,1,4,4,4,4,4,4,4,4,4,4,4,4,4,4,4,4,1,LowSESManipulation,7
100,340,20,2,,1,,12,,7,12,5,5,,,,,1,Business people,celebrities ,government officials ,7,1,6,6,6,2,6,1,1,2,2,2,6,1,1,6,2,1,1,1,1,91,91,92,92,93,93,93,93,93,1,7,1,7,1,7,1,4,4,6,1,1,1,1,1,7,1,1,1,1,1,1,7,7,7,7,1,1,1,1,7,7,7,7,1,LowSESManipulation,8
100,565,19,1,,1,,8,,4,12,5,4,Drug addicts,Homeless,Welfare ,4,1,,,,,0,6,6,5,3,4,1,5,6,1,5,6,1,1,7,1,1,1,1,1,90,76,83,74,86,85,82,86,84,1,7,2,6,2,4,5,2,4,4,4,4,4,4,3,3,4,1,1,1,1,1,2,7,7,6,1,7,1,1,7,7,7,7,1,HighSESManipulation,7
100,1586,20,2,,1,,6,,2,9,5,5,,,,,1,Bill Gates,Kylie Jenner,Elon Musk,2,1,7,6,6,1,4,1,5,5,1,5,6,1,1,7,1,1,1,1,1,100,100,100,100,100,100,100,100,100,1,4,2,7,1,4,6,6,4,4,3,4,2,6,3,4,2,1,2,1,2,1,7,7,7,4,1,1,1,1,7,7,7,7,1,LowSESManipulation,8
100,617,22,2,,1,,5,,2,13,5,5,homeless,impoverished,no family,10,1,,,,,0,7,7,7,1,6,1,5,6,1,5,5,1,1,7,1,1,1,1,1,100,100,100,90,100,100,100,100,100,1,6,1,1,1,1,4,5,3,3,7,5,4,7,1,3,1,1,1,1,1,1,7,7,7,7,1,4,1,1,7,7,7,7,1,HighSESManipulation,7
100,825,19,1,,1,,5,,6,12,5,5,,,,,1,CEOs of large companies,Politicians ,Donald Trump,5,1,4,3,4,4,2,1,2,5,5,4,4,1,4,4,2,1,1,2,1,100,100,100,100,100,100,100,100,100,1,4,4,3,5,3,5,5,3,5,4,5,3,5,4,3,5,1,1,1,3,2,3,5,2,5,2,4,2,2,2,4,3,4,1,LowSESManipulation,8
100,593,19,1,,1,,3,,5,10,6,6,A good person that was given a bad situation growing up. ,Someone that has wasted their money spending large amounts on things that do not matter. ,Someone living below their means so that they can give away money and help the less fortunate.,7,1,,,,,0,6,6,6,2,2,1,4,4,2,5,5,1,1,7,1,1,1,1,1,88,88,88,98,92,88,88,88,79,1,5,3,5,3,6,2,6,4,5,4,4,4,5,3,5,3,1,1,1,1,1,7,7,7,7,1,7,1,1,7,7,7,7,1,HighSESManipulation,7
100,855,19,2,,1,,5,,6,12,3,2,,,,,1,famous people,rich people,the president,1,1,5,5,5,3,5,1,5,5,2,5,5,1,2,5,5,2,3,3,1,70,85,70,85,70,70,60,60,60,1,6,,5,5,6,1,5,3,6,4,4,3,5,3,6,2,1,5,3,3,3,4,5,5,5,3,3,4,5,5,4,4,4,1,LowSESManipulation,8
100,433,19,2,,2,,11,,1,,2,2,little to no education,minority,come from a single-parent household,6,1,,,,,0,,,,,,0,,,,,,0,1,7,1,1,1,1,1,100,34,100,8,50,100,72,99,100,1,2,7,2,7,7,1,1,3,7,4,6,1,1,4,7,6,1,4,2,2,2,7,7,7,6,2,4,1,2,7,7,7,5,1,HighSESManipulation,5
100,4835,20,1,,1,,5,,9,13,6,5,,,,,1,Big Business owners ,People who own expensive and luxurious cars ,People who purchase designer close.,8,1,2,1,1,2,2,1,1,3,4,1,1,1,3,2,2,1,2,2,1,75,100,6,100,87,4,0,15,63,1,7,4,4,4,4,1,6,1,4,4,4,1,6,1,7,4,1,7,7,7,7,7,4,7,1,1,4,4,6,4,2,5,5,1,LowSESManipulation,8
100,184,21,1,,1,,7,,2,12,5,6,,,,,1,Bill Gates,Jeff Bezos,Elon,6,1,6,6,6,6,6,1,4,4,4,4,3,1,6,6,6,3,5,3,1,95,30,88,8,89,92,30,100,100,1,3,4,4,3,4,3,4,4,4,4,3,5,4,4,4,4,1,2,2,2,3,3,3,3,2,2,2,2,2,2,3,2,2,1,LowSESManipulation,8
100,214,21,1,,1,,6,,4,12,5,6,CEO,inventor,famous people,5,1,,,,,0,5,4,4,4,4,1,4,3,4,3,6,1,3,3,3,3,2,2,1,100,18,100,100,100,100,14,100,100,1,4,4,4,4,3,4,3,4,3,3,3,4,4,3,4,4,1,3,3,2,2,2,2,2,2,2,2,2,2,2,2,2,2,1,HighSESManipulation,7
100,838,20,1,,1,,5,,5,11,5,5,homeless people ,immigrants ,people with out a college education ,7,1,,,,,0,6,5,5,3,6,1,3,6,3,5,4,1,1,6,3,1,1,1,1,95,95,95,95,95,95,95,75,75,1,5,6,4,6,6,4,6,4,6,3,4,2,6,2,6,2,1,1,1,2,1,7,7,7,6,1,2,1,4,7,7,5,7,1,HighSESManipulation,7
100,888,19,1,,1,,7,,1,12,5,6,,,,,1,"Wall Street bankers, investors, hedge fund managers",Relatives of people from example 1,CEOs,3,1,3,2,1,4,1,1,1,1,1,1,1,1,2,3,1,1,1,1,1,100,100,100,100,100,100,100,100,100,1,3,4,3,5,7,1,3,1,7,2,4,1,5,1,7,3,1,1,1,1,1,7,7,7,7,1,1,1,7,7,3,5,2,1,LowSESManipulation,8
100,535,19,2,,1,,5,,5,12,6,5,people who don't work,people who have had unfortunate things happen in their life ,immigrants ,6,1,,,,,0,6,6,6,1,5,1,5,7,1,6,6,0,1,7,3,1,1,1,1,93,65,61,58,68,90,76,82,88,1,5,2,6,5,5,2,3,2,4,4,6,2,5,2,4,6,1,1,2,5,1,7,7,7,6,1,1,1,2,7,7,7,6,1,HighSESManipulation,6
6,8,,,,,,,,,,,,,,,,0,,,,,0,,,,,,0,,,,,,0,,,,,,,0,,,,,,,,,,0,,,,,,,,,,,,,,,,,0,,,,,,,,,,,,,,,,,0,,0
53,89,20,2,,2,,13,baptist christian,4,11,5,3,,,,,0,,,,,0,,,,,,0,,,,,,0,,,,,,,0,,,,,,,,,,0,,,,,,,,,,,,,,,,,0,,,,,,,,,,,,,,,,,0,HighSESManipulation,0
53,118,20,2,,1,,3,,3,12,6,3,,,,,0,,,,,0,,,,,,0,,,,,,0,,,,,,,0,,,,,,,,,,0,,,,,,,,,,,,,,,,,0,,,,,,,,,,,,,,,,,0,LowSESManipulation,0
53,57,19,2,,1,,5,,8,13,4,7,,,,,0,,,,,0,,,,,,0,,,,,,0,,,,,,,0,,,,,,,,,,0,,,,,,,,,,,,,,,,,0,,,,,,,,,,,,,,,,,0,HighSESManipulation,0
53,68,19,2,,1,,11,,2,12,3,3,,,,,0,,,,,0,,,,,,0,,,,,,0,,,,,,,0,,,,,,,,,,0,,,,,,,,,,,,,,,,,0,,,,,,,,,,,,,,,,,0,HighSESManipulation,0
6,14,,,,,,,,,,,,,,,,0,,,,,0,,,,,,0,,,,,,0,,,,,,,0,,,,,,,,,,0,,,,,,,,,,,,,,,,,0,,,,,,,,,,,,,,,,,0,,0
6,37,,,,,,,,,,,,,,,,0,,,,,0,,,,,,0,,,,,,0,,,,,,,0,,,,,,,,,,0,,,,,,,,,,,,,,,,,0,,,,,,,,,,,,,,,,,0,,0
6,42,,,,,,,,,,,,,,,,0,,,,,0,,,,,,0,,,,,,0,,,,,,,0,,,,,,,,,,0,,,,,,,,,,,,,,,,,0,,,,,,,,,,,,,,,,,0,,0
100,723,19,2,,1,,11,,2,11,5,5,,,,,1,Celebrities ,Doctors/Surgeons ,Professional Athletes,6,1,7,7,7,1,7,1,6,6,1,6,2,1,1,6,1,1,1,1,1,80,70,65,65,65,100,95,90,90,1,7,4,6,4,6,1,7,3,7,2,4,1,7,1,5,1,1,5,3,5,4,4,7,6,7,1,1,1,1,7,7,7,7,1,LowSESManipulation,8
100,397,,2,,1,,5,,5,12,3,3,Homeless,Government dependent ,Illegal immigrants ,8,1,,,,,0,7,7,7,2,5,1,1,4,4,4,2,1,3,5,6,5,4,5,1,40,59,50,75,75,60,100,11,10,1,4,4,4,4,6,3,5,3,7,4,6,3,6,3,6,2,1,4,4,4,4,4,4,4,4,4,4,4,4,4,4,4,4,1,HighSESManipulation,7
100,1498,44,2,,1,,13,None,3,10,5,3,,,,,1,Politicians ,Doctors ,Lawyers,5,1,6,6,6,1,6,1,5,4,5,3,6,1,1,6,1,1,1,1,1,100,100,100,100,100,100,100,100,100,1,3,2,4,3,4,1,5,1,5,4,3,4,5,3,4,3,1,1,1,2,1,7,7,7,7,1,1,1,1,7,7,7,7,1,LowSESManipulation,8
100,907,48,2,,1,,8,,5,5,2,1,Lack of ability to obtain education,Lack of access to good medical care,Lack of high paying jobs in their area,5,1,,,,,0,4,4,4,4,4,1,4,4,4,4,4,1,4,4,4,4,4,4,1,100,100,100,100,100,100,100,100,100,1,4,4,4,4,4,4,4,4,4,4,4,4,4,1,4,4,1,1,1,1,1,7,7,7,4,4,7,4,4,7,4,7,7,1,HighSESManipulation,7
100,386,21,2,,1,,7,,2,13,6,6,,,,,1,CEOs/billionaires,powerful politicians,celebrities,3,1,7,7,7,1,7,1,7,7,1,7,7,1,1,7,1,1,1,1,1,85,40,81,30,90,100,90,100,100,1,5,3,6,2,6,2,7,6,5,1,5,4,7,4,3,1,1,1,1,1,1,7,7,7,7,1,1,1,2,7,7,7,7,1,LowSESManipulation,8
100,775,,2,,1,,1,,7,12,2,5,,,,,1,Owner of Amazon,Owner of Facebook-,CEO/Owner of Tesla,2,1,7,7,7,1,7,1,6,7,2,6,6,1,1,7,1,1,2,1,1,100,100,100,100,100,100,100,100,100,1,2,4,7,2,4,1,4,4,6,4,4,4,6,4,4,4,1,1,1,1,1,7,7,7,7,1,1,1,1,7,7,7,7,1,LowSESManipulation,8
100,1802,19,2,,1,,6,,2,12,5,6,People without a home,"People with an income of less than $10,000",People without a steady source of food,7,1,,,,,0,7,7,7,1,7,1,7,7,1,7,7,1,1,7,1,1,1,1,1,81,60,80,15,80,100,35,90,90,1,6,1,6,2,7,4,3,1,4,3,7,3,2,1,3,2,1,5,1,2,1,7,7,1,6,1,5,2,3,6,6,6,4,1,HighSESManipulation,7
100,556,43,2,,1,,8,,6,3,2,1,unemployed,on disability,mental handicap,5,1,,,,,0,6,4,5,3,5,1,5,6,3,3,5,1,3,5,5,4,3,4,1,90,90,75,90,90,75,90,50,2,1,6,6,5,4,4,3,5,4,5,4,4,4,5,4,5,4,1,1,1,4,1,6,5,5,4,3,2,3,3,5,5,5,5,1,HighSESManipulation,7
100,936,41,2,,1,,8,,8,12,2,2,,,,,1,Those who have inherited family wealth,Those who have started a successful business and sold it for great profit. ,Those who have obtained great knowledge in college and beyond and applied it to their career. ,5,1,5,1,2,2,1,1,1,6,1,1,2,1,2,2,3,2,2,2,1,90,90,86,95,100,94,95,94,90,1,7,1,7,1,4,1,4,4,4,3,4,4,4,4,4,3,1,2,1,4,1,7,7,7,7,1,1,1,1,7,7,7,7,1,LowSESManipulation,8
100,914,21,2,,5,,7,,5,10,4,6,,,,,1,Jeff Bezos,Elon Musk,Bill Gates,3,1,,,,,,0,,,,,,0,1,7,1,1,2,1,1,100,100,100,100,100,100,100,100,100,1,1,5,7,7,5,1,4,5,7,2,6,1,7,1,7,2,1,1,1,1,1,7,7,7,7,1,1,1,1,7,7,7,7,1,LowSESManipulation,6
100,939,39,2,,1,,11,,5,4,1,3,Drug addicts,people with parents with less than a high school diploma,people who did not have positive examples in their life,5,1,,,,,0,5,5,5,3,4,1,5,5,2,5,5,1,1,1,4,1,3,1,1,70,70,70,67,67,60,70,70,63,1,3,5,5,5,6,4,4,2,4,3,5,4,5,2,4,3,1,1,1,1,1,7,7,7,7,1,1,1,1,7,7,1,7,1,HighSESManipulation,7
100,613,20,2,,1,,5,,8,6,5,3,,,,,1,Corporations ,Politicians,Celebrities ,4,1,1,1,1,7,1,1,1,1,7,1,1,1,7,2,4,1,2,1,1,100,100,100,100,100,100,100,100,100,1,7,1,7,1,4,1,1,1,4,7,4,4,4,4,4,5,1,1,1,5,1,6,3,7,4,4,3,3,7,7,1,7,5,1,LowSESManipulation,8
100,669,45,2,,1,,7,,5,12,2,2,,,,,1,doctors ,lawyers ,corporate leaders ,6,1,4,4,4,3,4,1,5,6,2,6,4,1,1,5,4,4,3,2,1,87,87,87,81,87,96,93,95,98,1,4,6,4,5,6,2,4,2,6,3,6,6,6,3,6,3,1,1,1,1,1,7,7,7,4,1,1,1,1,7,7,7,7,1,LowSESManipulation,8
100,1437,,2,,1,,5,,5,11,4,4,,,,,1,High class,Upper middle class,Middle class,7,1,2,2,2,5,4,1,2,5,4,2,2,1,3,3,6,1,2,2,1,100,100,100,100,100,100,100,100,31,1,7,5,7,4,6,1,5,3,6,3,7,1,7,1,7,1,1,1,1,2,1,7,7,7,3,1,2,2,1,7,7,5,5,1,LowSESManipulation,8
100,1073,20,2,,1,,11,,2,5,3,2,,,,,1,Elon Musk,CEO's ,Government Official's ,4,1,7,7,7,1,4,1,6,6,2,6,6,1,1,7,1,2,1,1,1,90,50,80,40,95,90,70,100,85,1,3,2,7,3,4,6,2,4,5,7,4,3,6,4,4,2,1,2,1,1,1,7,7,6,7,7,1,1,2,7,7,7,7,1,LowSESManipulation,8
100,685,,1,,1,,11,,5,13,2,1,Homeless ,Jobless ,Low income ,7,1,,,,,0,5,5,5,3,4,1,1,2,5,3,4,1,2,5,5,3,3,5,1,50,50,50,50,50,50,50,50,50,1,5,4,5,5,5,1,2,2,6,3,4,3,3,2,5,6,1,6,5,5,5,2,5,5,5,2,5,3,3,5,5,5,5,1,HighSESManipulation,7
100,449,,2,,1,,5,,5,9,6,4,,,,,1,Doctors,Lawyers,Celebrities,5,1,1,2,2,1,3,1,2,5,5,2,2,1,1,6,1,2,3,1,1,100,100,100,100,100,100,100,81,82,1,6,2,6,2,6,1,7,4,7,2,5,3,6,3,6,5,1,1,1,2,1,6,7,7,2,1,6,1,3,7,7,7,5,1,LowSESManipulation,8
84,49,39,2,,1,,11,,5,,,,,,,,0,,,,,0,,,,,,0,,,,,,0,,,,,,,0,,,,,,,,,,0,,,,,,,,,,,,,,,,,0,,,,,,,,,,,,,,,,,0,HighSESManipulation,0
53,351,,2,,1,,7,,5,12,2,2,,,,,0,,,,,0,,,,,,0,,,,,,0,,,,,,,0,,,,,,,,,,0,,,,,,,,,,,,,,,,,0,,,,,,,,,,,,,,,,,0,HighSESManipulation,0
53,415358,,2,,1,,5,,5,12,4,3,,,,,0,,,,,0,,,,,,0,,,,,,0,,,,,,,0,,,,,,,,,,0,,,,,,,,,,,,,,,,,0,,,,,,,,,,,,,,,,,0,HighSESManipulation,0
100,1756,42,2,,1,,5,,3,10,1,5,Homeless,Unemployed,Elderly,6,1,,,,,0,6,7,7,1,6,1,6,7,1,1,5,1,1,6,1,1,1,1,1,80,80,80,80,80,80,80,80,80,1,3,5,5,5,4,4,4,5,4,4,4,4,5,5,4,4,1,2,1,2,1,6,6,5,6,1,1,1,1,7,7,7,7,1,HighSESManipulation,7
81,468,37,2,,1,,1,,7,12,2,2,unemployed and able to work,uneducated,low socioeconomic status,7,1,,,,,0,3,1,1,4,4,1,1,3,4,7,1,0,,,,,,,0,,,,,,,,,,0,,,,,,,,,,,,,,,,,0,,,,,,,,,,,,,,,,,0,HighSESManipulation,2
100,661,21,2,,1,,12,,2,10,4,5,Black trans women/men,Black men/women,Indigenous individuals ,9,1,,,,,0,7,7,7,1,3,1,7,7,1,7,6,0,1,4,1,2,1,2,1,100,75,100,50,100,100,75,100,100,1,6,2,6,2,4,6,4,4,4,5,4,5,4,4,3,4,1,1,1,1,7,7,7,7,7,1,1,1,1,7,7,7,7,1,HighSESManipulation,6
100,624,42,2,,1,,5,,3,11,1,5,,,,,1,CTOs,Surgeons,Entrepreneurs,6,1,6,6,6,1,6,1,5,6,1,6,5,1,1,6,1,1,1,2,1,80,80,80,80,80,80,80,80,80,1,5,5,5,5,4,4,4,4,3,4,4,4,5,4,3,4,1,2,1,1,1,7,6,6,6,1,6,1,1,7,7,6,7,1,LowSESManipulation,8
6,116,,,,,,,,,,,,,,,,0,,,,,0,,,,,,0,,,,,,0,,,,,,,0,,,,,,,,,,0,,,,,,,,,,,,,,,,,0,,,,,,,,,,,,,,,,,0,,0
100,976,42,2,,2,,3,,5,9,1,2,HOMELESS,JOBLESS,DISABLED,8,0,,,,,0,,,,,,0,,,,,,0,1,6,1,1,1,2,1,100,98,99,100,100,98,99,100,61,1,1,7,1,7,7,7,4,4,4,4,4,4,4,4,4,4,0,4,4,4,4,4,4,4,4,4,4,4,4,4,4,4,4,0,HighSESManipulation,2
81,186,45,2,,1,,7,,5,10,2,2,,,,,1,lawyers,doctors,judges,3,1,4,4,4,4,4,1,5,6,,4,5,1,,,,,,,0,,,,,,,,,,0,,,,,,,,,,,,,,,,,0,,,,,,,,,,,,,,,,,0,LowSESManipulation,4
100,701,29,2,,4,,5,,5,5,1,1,I believe I live comfortably with my own income,My bills are paid on time ,I have food accesible to me,4,1,,,,,0,,,,,,0,,,,,,0,7,6,4,1,4,1,1,50,50,50,50,50,50,49,50,50,1,6,4,4,4,4,4,3,1,4,7,4,4,3,1,6,7,1,4,1,1,1,3,7,4,2,1,7,5,4,3,4,5,4,1,HighSESManipulation,5
100,824,,2,,1,,5,,4,13,5,6,,,,,1,Bill Gates,Elon Musk,Jeff Bezos,4,1,5,5,5,2,5,1,5,6,2,5,5,1,1,7,1,1,1,1,1,99,96,98,95,98,99,99,63,67,1,1,7,1,7,7,1,5,1,7,2,7,1,2,1,7,2,1,1,1,1,1,1,1,6,1,1,1,1,1,7,7,7,7,1,LowSESManipulation,8
100,1326,33,2,,1,,6,,2,11,2,2,,,,,1,Physicians,CEOs,Attorneys,6,1,7,7,7,1,6,1,5,5,2,5,5,1,1,7,1,1,1,1,1,100,100,100,100,100,100,100,100,100,1,4,4,4,4,6,2,4,3,4,3,5,2,4,2,4,3,1,1,1,1,1,7,7,7,7,1,7,1,2,7,7,7,6,1,LowSESManipulation,8
53,49,,2,,1,,5,,5,11,4,4,,,,,0,,,,,0,,,,,,0,,,,,,0,,,,,,,0,,,,,,,,,,0,,,,,,,,,,,,,,,,,0,,,,,,,,,,,,,,,,,0,LowSESManipulation,0
100,611,,1,,1,,11,,5,13,2,1,Homeless ,Poor population ,Jobless ,8,1,,,,,0,5,5,5,3,5,1,1,1,5,1,3,1,3,5,5,4,4,6,1,50,50,50,50,50,50,50,50,50,1,5,4,5,4,4,1,3,2,6,3,3,3,3,2,6,6,1,5,4,4,3,6,5,5,5,3,4,3,3,5,5,5,5,1,HighSESManipulation,7
100,1010,42,2,,1,,5,,7,11,4,2,homeless,drug addicts,section 8 recipents,7,1,,,,,0,5,2,2,3,2,1,1,2,6,1,1,1,2,5,3,1,1,1,1,90,90,90,90,90,90,90,90,90,1,6,6,6,6,6,1,6,1,6,2,4,1,6,1,6,1,1,1,1,1,1,7,7,7,7,1,1,1,1,7,6,7,7,1,HighSESManipulation,7
100,1852,40,2,,2,,8,,4,8,1,4,,,,,0,Caucasians,Asians,Indians,8,0,,,,,,0,,,,,,0,1,5,1,1,1,1,1,100,100,100,100,100,50,100,0,50,1,7,7,1,7,7,1,3,1,7,7,7,1,1,1,7,1,1,1,1,1,1,7,7,7,7,1,7,1,1,7,7,7,7,1,LowSESManipulation,4
100,568,21,2,,1,,12,,2,10,4,5,,,,,1,White Able Straight Men,White Able Straight Women,White Able Men,2,1,7,7,7,1,4,1,6,7,1,7,6,0,1,6,1,2,1,2,1,100,65,100,60,100,100,85,100,100,1,6,2,7,1,6,6,2,2,4,6,4,4,4,3,3,4,1,1,1,1,1,7,7,7,7,1,3,1,2,7,7,7,7,1,LowSESManipulation,7
100,368,19,2,,1,,6,,2,13,2,5,homeless people,orphans in foster care,extremely disabled people,5,1,,,,,0,7,7,7,1,6,1,6,6,2,6,6,1,1,7,1,1,1,1,1,90,51,90,49,91,100,69,97,95,1,1,6,2,6,4,5,3,4,4,4,4,4,4,4,4,4,1,1,1,1,1,7,6,7,6,1,1,1,1,7,7,7,7,1,HighSESManipulation,7
100,879,45,2,,1,,8,,6,13,2,2,minorities,Working poor,Substance use disorder,6,1,,,,,0,5,4,4,5,4,1,2,2,6,2,6,1,2,5,1,1,1,1,1,100,100,100,100,100,100,100,100,100,1,5,4,7,2,5,1,4,1,6,4,7,1,5,1,6,1,1,1,1,2,1,6,6,6,6,1,1,1,2,6,6,6,6,1,HighSESManipulation,7
100,581,20,2,,1,,11,,3,11,6,5,,,,,1,The top 1% : Jeff Bezos,celebrities like Kylie Jenner ,politicians: ,6,1,6,7,6,1,5,1,5,6,1,6,6,1,1,7,1,1,2,1,1,98,80,90,65,88,98,96,95,95,1,5,2,6,1,4,5,2,5,3,3,3,5,2,4,3,5,1,1,1,1,1,6,7,7,7,1,1,1,2,7,7,7,7,1,LowSESManipulation,8
100,439,32,2,,1,,11,,3,7,3,5,,,,,1,Jeff Bezos,Bill Gates,Elon Musk,5,1,7,7,7,1,6,1,6,7,1,7,7,1,1,7,1,1,1,1,1,95,75,95,75,95,95,80,90,90,1,2,2,3,3,4,5,5,2,4,1,3,4,5,2,2,4,1,1,2,2,1,6,7,7,7,1,1,2,2,7,7,7,7,1,LowSESManipulation,8
6,43,,,,,,,,,,,,,,,,0,,,,,0,,,,,,0,,,,,,0,,,,,,,0,,,,,,,,,,0,,,,,,,,,,,,,,,,,0,,,,,,,,,,,,,,,,,0,,0
100,618,23,2,,1,,6,,1,12,6,2,people whom have no income ,homeless,those who can not work,5,1,,,,,0,7,7,7,1,4,1,6,7,1,6,6,1,1,7,1,1,1,1,1,84,59,85,50,85,86,61,86,86,1,5,2,6,3,4,5,6,5,3,2,2,2,6,4,3,1,1,1,1,1,1,7,7,7,1,1,1,1,1,7,7,7,7,1,HighSESManipulation,7
100,212,21,1,,1,,5,,5,12,5,5,,,,,1,White ,Male,Rich ,8,1,4,4,4,4,4,1,4,4,4,4,4,1,4,4,4,4,4,4,1,50,50,50,50,50,50,50,50,50,1,4,4,4,4,4,4,4,4,4,4,4,4,4,4,4,4,1,4,4,4,4,4,4,4,4,4,4,4,4,4,4,4,4,1,LowSESManipulation,8
100,409,50,1,,8,ADOS,12,,5,13,7,7,5,5,5,9,1,,,,,0,,,,,,0,,,,,,0,1,7,1,1,1,1,1,100,30,72,72,51,51,73,,,1,7,7,1,7,7,1,4,1,7,4,7,1,4,1,7,4,1,6,1,1,1,7,7,7,7,1,1,7,1,7,7,7,7,1,HighSESManipulation,5
100,927,29,2,,4,,5,,3,5,1,1,homeless,drug addicts ,people who just got out of jail,5,1,,,,,0,,,,,,0,,,,,,0,1,2,4,1,7,7,1,50,50,50,50,50,50,50,50,50,1,4,5,3,3,7,5,7,4,4,5,4,4,7,4,4,5,1,3,1,1,1,7,6,4,4,1,2,4,4,4,4,4,4,0,HighSESManipulation,4
100,605,32,2,,1,,6,,3,12,2,6,,,,,1,doctors,company ceo's,ivy league graduates ,7,1,7,7,7,1,7,1,5,6,2,5,5,1,1,6,1,1,1,1,1,90,90,91,91,91,91,90,90,90,1,6,4,4,4,5,2,6,4,6,2,5,1,6,1,6,2,1,1,1,2,1,6,6,6,6,2,1,1,1,7,7,7,7,1,LowSESManipulation,8
100,1465,21,2,,1,,8,,3,9,2,2,minorities,poor,ill,4,1,,,,,0,7,7,7,1,5,1,7,7,3,6,7,0,1,6,2,1,1,1,1,80,90,71,43,73,100,100,98,98,1,3,7,1,7,7,3,7,1,4,1,4,2,7,4,3,1,1,1,1,5,1,7,7,7,7,1,1,1,2,7,7,7,7,1,HighSESManipulation,6
100,477,47,2,,1,,8,,1,4,2,3,,,,,1,Betsy DeVos,Bill Gates,Elon Musk,2,1,7,7,7,1,7,1,5,5,3,6,7,1,1,7,1,1,1,1,1,81,50,69,69,69,69,53,70,70,1,4,2,2,2,4,1,4,4,5,1,4,4,4,1,3,4,1,1,1,1,1,7,7,7,7,1,1,1,2,7,7,7,7,1,LowSESManipulation,8
100,549,20,2,,1,,8,,7,13,6,2,,,,,1,Government ,Entrepreneurs,White men,6,1,1,4,1,6,1,1,1,1,7,2,1,1,6,1,1,6,5,4,1,100,100,100,100,100,100,100,100,100,1,5,4,4,4,4,4,4,5,5,5,5,4,3,5,5,5,0,2,4,5,4,4,4,4,4,4,4,5,3,4,4,4,6,0,LowSESManipulation,6
100,1189,24,2,,"1,6",,6,,4,10,4,2,Unhoused families,Multigenerational low income households,low income single parent households,5,1,,,,,0,6,4,4,2,4,1,2,5,2,2,2,1,1,7,2,2,1,1,1,100,100,100,100,100,100,100,100,100,1,5,3,5,3,5,1,6,1,6,1,4,1,5,1,5,1,1,1,1,1,1,1,7,7,7,1,1,1,1,7,7,7,7,1,HighSESManipulation,7
100,703,22,2,,4,,5,,6,2,3,1,,,,,1,Donald J Trump,Jeff Bezos ,Bernard Arnault & Family,1,1,,,,,,0,,,,,,0,1,7,1,1,1,2,1,100,70,100,70,100,100,100,100,70,1,4,7,4,7,7,1,3,1,7,5,7,1,2,6,6,1,1,1,1,1,1,7,7,7,7,1,1,1,1,7,7,7,7,1,LowSESManipulation,6
100,3136,42,2,,1,,5,,3,10,1,5,I have a clean and safe context to live in.,I don't have to worry about my next meal.,I have enough money to pay for expected bills.,7,1,,,,,0,6,6,6,2,5,1,6,6,2,6,5,1,1,6,1,1,1,5,1,80,80,80,80,80,80,80,80,80,1,5,6,5,5,4,3,5,2,3,4,5,4,5,4,5,2,1,1,1,1,1,7,6,7,7,1,1,1,1,7,7,7,7,1,HighSESManipulation,7
100,649,20,2,,1,,5,,1,6,3,2,,,,,1,politicians ,ceos of large corporations ,a-list celebrities ,2,1,7,7,6,1,4,1,5,7,1,6,6,1,1,7,1,1,1,4,1,100,95,100,50,100,100,100,100,100,1,3,3,7,4,4,4,5,2,4,3,5,3,5,3,4,4,1,5,2,3,4,7,7,6,6,1,1,1,2,7,7,7,7,1,LowSESManipulation,8
100,661,42,2,,1,,5,,3,10,1,5,Homeless,Refugees,Mentally ill,8,1,,,,,0,6,6,6,1,6,1,6,7,1,7,6,1,1,7,1,1,1,1,1,80,80,80,80,80,80,80,80,80,1,3,3,2,2,4,2,5,5,4,3,4,4,5,5,2,3,1,1,1,1,1,6,6,6,7,1,1,1,1,7,7,7,7,1,HighSESManipulation,7
100,651,20,2,,1,,5,,1,7,3,2,,,,,1,large corporation CEOs,A-list celebrities,politicians,2,1,7,7,7,1,4,1,6,6,1,6,6,1,1,7,1,1,1,1,1,100,83,100,30,100,100,82,100,100,1,6,2,7,1,6,1,5,2,4,3,5,4,5,3,4,4,1,4,1,2,2,7,7,7,7,1,1,1,1,7,7,7,7,1,LowSESManipulation,8
100,671,22,1,,1,,8,,5,12,5,5,A person at rung number 1 will have no job and be homeless and most likely have no formal education,A person on rung number 2 may work a fast food job or something low paying,A person on number 3 may work a warehouse job or be continuing education,3,1,,,,,0,7,5,5,1,7,1,1,1,1,1,1,1,2,7,2,1,1,1,1,100,75,100,70,70,100,100,72,71,1,7,1,7,1,7,1,4,4,4,4,4,4,4,1,4,4,1,7,7,1,1,7,7,7,6,1,2,2,1,7,5,7,7,0,HighSESManipulation,6
100,640,21,2,,1,,12,,5,6,3,2,homeless,prisoners ,minority groups - based off ethnicity ,5,1,,,,,0,7,7,7,1,3,1,5,5,2,5,4,1,1,6,1,1,2,3,1,100,100,100,100,100,100,100,100,100,1,5,3,5,3,5,3,5,5,4,3,4,4,4,4,4,3,1,2,1,5,4,6,6,5,5,1,2,1,1,7,7,6,6,1,HighSESManipulation,7
100,488,32,1,,1,,7,,4,9,5,5,,,,,1,Elon Musk,Warren Buffet,Fortune 500 CEOs,5,1,5,5,5,3,5,1,4,4,3,4,3,1,3,6,3,2,1,3,1,50,50,50,42,50,50,50,50,50,1,7,4,7,4,7,2,6,4,4,2,4,4,6,2,4,1,1,1,1,1,1,1,7,7,7,1,1,1,1,7,7,7,7,1,LowSESManipulation,8
100,675,18,2,,1,,8,,5,11,7,6,Native Americans living on reservations ,"Homeless (vulnerable populations: people with disabilities, children, women, veterans etc) ",People facing food insecurity/ lack of clean water ,9,1,,,,,0,6,5,4,3,3,1,4,6,3,3,3,1,2,6,2,1,1,1,1,100,100,100,100,100,100,100,100,100,1,7,4,5,2,4,3,3,3,5,2,5,3,5,3,5,3,1,1,1,1,2,6,7,7,7,1,4,2,2,7,7,7,7,1,HighSESManipulation,7
97,1052,29,2,,1,,12,,6,12,2,2,,,,,1,The famous ones - well known and successful actors/actresses and musicians/artists,"CEOs and investors of highly wealthy companies, often coming from IVY league universities or otherwise passed down success from families","Those who have built themselves to the top by founding companies, work in technology, or finance",3,1,7,7,7,1,6,1,1,2,6,2,2,1,2,6,1,2,1,1,1,91,91,69,91,90,90,90,89,,1,1,7,1,6,5,1,6,2,7,7,6,1,6,2,7,2,1,1,1,3,1,7,7,7,7,2,1,1,1,7,7,7,7,1,LowSESManipulation,8
100,2700,35,2,,1,,8,,3,12,2,2,,,,,0,Bezos,Musk,Gates ,1,0,7,7,7,1,6,1,6,7,1,7,7,1,1,7,1,1,1,1,1,85,79,86,76,82,83,84,84,85,1,4,4,4,4,4,2,4,3,4,,3,4,4,4,4,3,0,1,1,1,1,6,6,1,1,1,1,1,1,7,7,7,7,0,LowSESManipulation,4
100,60185,,2,,1,,5,,5,13,6,2,,,,,1,CEOs of Fortune 500 Companies,The 1%,Anyone that has a Black Amex,3,1,4,4,4,4,4,1,4,4,4,4,4,0,4,4,4,4,4,4,1,100,100,100,100,100,100,100,100,100,1,4,4,4,4,4,4,4,4,4,4,4,4,4,4,4,4,1,1,1,1,1,7,7,7,7,1,6,2,7,7,7,6,6,1,LowSESManipulation,7
100,622,28,2,,"1,2",,13,,3,7,4,5,teachers salaries ,nurses salaries ,elderly care workers salaries ,6,1,,,,,0,7,7,7,1,6,1,1,7,1,1,7,0,1,7,1,1,1,1,1,100,100,100,100,100,100,100,100,100,1,3,5,2,7,7,1,5,2,6,4,4,1,6,1,6,2,1,6,1,1,2,7,7,7,6,1,1,1,1,7,7,7,7,1,HighSESManipulation,6
100,832,19,2,,1,,8,,6,10,5,2,,,,,1,Top entertainment: i.e. kardashians ,Steve Jobs/ owner of apple ,Elon Musk entrepreneur ,6,1,5,6,6,3,5,1,5,5,2,5,5,1,2,4,4,2,2,1,1,75,75,68,69,65,69,68,68,64,1,4,5,4,4,4,4,4,4,5,4,6,2,6,4,5,4,1,4,4,5,4,5,4,6,3,4,2,4,5,5,5,5,4,1,LowSESManipulation,8
100,1240,23,2,,1,,7,,2,2,6,7,No High School education or GED,Those working a minimum wage job,Those in need of government assistance,2,1,,,,,0,7,7,7,1,1,1,7,7,1,7,7,1,1,7,1,1,1,1,1,100,25,100,40,100,100,50,100,100,1,7,1,7,1,1,7,4,7,1,4,1,7,4,4,1,4,1,1,1,1,1,7,7,1,7,1,1,1,1,7,7,7,7,1,HighSESManipulation,7
75,356,45,2,,1,,8,,6,13,2,2,People with substance use disorder,Working poor,Underserved rural areas,5,1,,,,,0,,,,,,0,,,,,,0,,,,,,,0,,,,,,,,,,0,,,,,,,,,,,,,,,,,0,,,,,,,,,,,,,,,,,0,HighSESManipulation,1
100,1051,45,2,,1,,8,,8,12,4,5,Custodians,Welfare Receipants due to generational welfare,bus drivers,5,1,,,,,0,5,5,5,2,5,1,2,5,2,2,2,1,1,6,6,1,3,2,1,80,74,69,76,80,72,80,77,69,1,6,4,7,2,6,3,6,1,5,2,7,2,5,1,5,3,1,5,1,5,1,7,6,7,7,2,2,2,2,6,6,6,6,1,HighSESManipulation,7
6,38,,,,,,,,,,,,,,,,0,,,,,0,,,,,,0,,,,,,0,,,,,,,0,,,,,,,,,,0,,,,,,,,,,,,,,,,,0,,,,,,,,,,,,,,,,,0,,0
100,671,39,2,,1,,8,,5,9,3,3,,,,,1,Doctors/Nurses,Lawyers,Anything Technology,7,1,4,4,3,5,3,1,3,7,1,2,4,1,3,6,5,2,2,2,1,85,85,85,85,85,85,85,85,85,1,6,2,7,5,6,1,5,2,6,3,6,2,6,1,7,2,1,2,1,1,1,7,7,7,5,2,2,2,1,7,6,7,7,1,LowSESManipulation,8
100,510,37,2,,1,,8,,5,9,3,4,fast food,retail,homeless,2,1,,,,,0,4,2,3,5,3,1,2,6,1,4,4,1,2,6,3,3,2,1,1,100,100,100,100,100,100,100,100,100,1,6,5,5,5,5,2,4,2,6,2,5,2,5,1,6,2,1,5,1,1,1,6,6,7,7,2,7,2,2,7,6,7,7,1,HighSESManipulation,7
100,893,44,2,,1,,1,,6,13,2,2,,,,,1,CEOs,Physicians,Celebrities,4,1,3,2,2,6,2,1,4,6,4,6,2,1,3,5,1,1,4,1,1,100,100,100,100,100,100,100,100,96,1,7,4,7,4,6,1,6,1,7,2,7,1,6,1,6,1,1,1,1,1,1,7,7,7,7,1,1,1,1,7,7,7,7,1,LowSESManipulation,8
100,1853,19,2,,1,,11,,3,12,3,4,,,,,1,CEO’s,Property Investors,People born into rich families,4,1,7,7,7,1,5,1,6,7,1,7,6,1,1,7,1,1,1,1,1,100,70,100,50,100,100,100,100,100,1,6,2,7,1,4,5,2,1,2,1,4,4,6,1,4,2,1,4,1,1,1,7,7,7,7,1,1,1,1,7,7,7,7,1,LowSESManipulation,8
100,1107,33,2,,1,,6,,3,13,3,2,Fast food employee,dollar store employee,day care teacher,7,1,,,,,0,7,7,7,1,7,1,7,7,1,7,7,1,1,7,1,1,1,1,1,80,53,80,51,80,80,80,80,80,1,5,1,7,1,4,7,1,4,1,4,4,4,2,4,1,4,1,1,1,1,1,7,7,7,7,1,1,1,1,7,7,7,7,1,HighSESManipulation,7
100,375,20,2,,1,,5,,2,12,7,6,,,,,1,President of the United States ,Supreme Court Justice ,Neurosurgeon ,4,1,7,7,7,1,7,1,6,7,1,7,7,1,1,5,1,1,1,1,1,100,100,100,100,100,100,100,100,100,1,1,1,1,1,4,1,4,1,6,1,4,1,4,1,6,1,1,1,1,1,1,7,7,7,7,1,1,1,1,7,7,7,7,1,LowSESManipulation,8
100,743,20,2,,1,,7,,2,3,6,2,Fast food workers,Retail workers,Restaurant ,2,1,,,,,0,7,7,7,1,7,1,6,7,1,6,7,1,1,7,1,1,1,1,1,90,30,95,5,74,100,64,100,100,1,4,1,4,3,5,7,1,2,1,6,4,7,1,4,1,4,1,1,1,1,1,7,7,7,7,7,7,1,1,7,7,7,7,1,HighSESManipulation,7
100,465,36,1,,6,,7,,5,10,1,1,,,,,1,,,,8,1,,,,,,0,,,,,,0,2,5,4,3,3,4,1,50,49,50,50,50,50,50,50,50,1,5,5,3,5,4,1,5,2,6,3,4,3,4,1,6,1,1,3,1,2,2,4,6,4,6,3,3,,4,5,5,6,5,1,LowSESManipulation,6
100,1623,19,2,,1,,8,,6,12,5,2,McDonalds cook,Walmart door greeter,Taco bell employee,7,1,,,,,0,6,6,6,3,4,1,5,5,3,4,4,1,2,5,4,3,3,1,1,83,84,80,87,78,86,86,82,77,1,5,5,7,4,4,4,4,4,5,4,5,4,5,4,5,4,1,4,3,5,4,5,4,5,5,4,4,4,5,4,6,5,4,1,HighSESManipulation,7
91,322,59,2,,1,,5,,6,10,3,7,homeless ,fast food employee,Disability payment recipients,5,1,,,,,0,6,2,5,1,5,1,5,4,3,5,4,1,2,7,2,1,2,1,1,84,84,68,100,78,100,100,95,90,1,,,,,,,,,,,,,,,,,0,,,,,,,,,,,,,,,,,0,HighSESManipulation,5
6,51,,,,,,,,,,,,,,,,0,,,,,0,,,,,,0,,,,,,0,,,,,,,0,,,,,,,,,,0,,,,,,,,,,,,,,,,,0,,,,,,,,,,,,,,,,,0,,0
53,88,20,2,,1,,8,,4,7,6,6,,,,,0,,,,,0,,,,,,0,,,,,,0,,,,,,,0,,,,,,,,,,0,,,,,,,,,,,,,,,,,0,,,,,,,,,,,,,,,,,0,LowSESManipulation,0
100,920,38,2,,1,,8,,3,12,2,5,people of Appalachia ,undocumented immigrants,african americans,6,1,,,,,0,7,7,6,1,6,1,6,6,2,5,5,1,2,6,2,2,2,2,1,70,70,70,70,70,70,70,70,70,1,5,4,7,4,6,2,5,2,6,2,6,2,5,2,5,2,1,1,2,2,2,6,6,6,6,2,2,2,2,7,7,7,7,1,HighSESManipulation,7
100,558,34,2,,1,,12,,5,8,2,2,,,,,1,Athletes,Entrepreneurs,celebrities,3,1,5,5,5,3,5,1,5,5,1,5,5,1,1,7,2,1,1,1,1,100,100,100,100,100,100,100,100,100,1,3,5,3,5,5,1,5,1,6,2,7,1,6,1,7,1,1,1,1,1,1,3,7,6,7,1,1,1,1,7,7,7,7,1,LowSESManipulation,8
100,693,36,1,,6,,7,,5,9,1,1,homeless,,,10,1,,,,,0,,,,,,0,,,,,,0,2,5,3,2,3,3,1,50,40,50,50,50,50,50,49,50,1,6,5,4,5,5,3,4,3,5,4,4,3,5,3,5,3,1,2,1,2,1,3,7,4,6,1,2,4,3,5,5,6,6,1,HighSESManipulation,5
100,597,50,1,,1,,11,,4,8,6,5,,,,,1,Jeff Bezos,Bill Gates,Warren Buffett,1,1,7,7,7,1,6,1,4,3,5,4,3,1,1,6,1,1,1,1,1,80,80,70,70,70,80,80,80,80,1,5,5,3,2,4,5,2,1,5,2,5,4,5,1,4,3,1,1,1,2,2,6,6,7,7,1,1,1,1,7,7,7,7,1,LowSESManipulation,8
100,636,43,1,,1,,8,,7,11,4,5,,,,,1,famous people,CEO,Owners of top business,4,1,3,3,3,1,3,1,6,4,3,3,2,0,3,3,4,1,1,1,1,82,82,83,100,100,75,84,51,30,1,6,5,5,4,4,1,6,2,6,4,6,2,3,2,6,4,1,5,1,1,1,1,7,6,4,2,2,2,4,7,7,7,7,1,LowSESManipulation,7
100,564,41,2,,1,,13,none,7,12,2,5,homeless,invalid,prisoners,8,1,,,,,0,5,2,3,6,2,1,1,2,5,2,2,1,1,2,1,2,1,2,1,75,75,70,70,80,80,75,75,75,1,6,2,6,2,4,2,3,2,4,2,2,2,2,2,4,2,0,1,1,2,1,7,7,6,6,1,1,1,2,7,7,7,7,1,HighSESManipulation,6
100,1882,23,1,,1,,5,,8,10,5,3,,,,,1,"At the very top of this ladder, #10, I think of the top 0.5% of people in the US. Very very successful business owners and billionaires.  I am no where near these people and I don't think I ever will be bear them. I'm being very realistic, those people are one of a kind and there's a reason they're at the top 0.5%. ","I think stepping down to #8 or 9, I think of these people as more very successful people and athletes and entertainers are what come to mind. If you don't have some huge company or some very high up job, these are the people that come to mind and they make a killing obviously. Looking at Lebron James and Michael Jordan, these guys are BILLIONAIRES for shooting a basketball and growing a brand. This to me is the step below the top 0.5%.","When thinking about #6 and 7, I think of high up business people, executives, such high roles like that. I don't think they're making as much as most pro athletes but they're still make tons and tons of money. ",1,1,5,3,4,3,2,1,3,3,4,3,4,1,2,3,3,3,3,3,1,85,85,65,75,85,50,90,65,60,1,6,2,7,3,4,3,4,4,5,4,4,5,4,2,4,3,1,3,2,2,2,5,6,4,5,3,3,4,4,5,4,4,5,1,LowSESManipulation,8
100,578,44,2,,1,,11,,3,13,4,2,Those who are living in food scarcity areas and have limited income for food and shelter and have limited access to job opportunities.,Young adults who are recently graduated who don't have the opportunity to pay for specialized training to gain a skill or attend college.,Those who are suffering medically and don't have sufficient healthcare coverage and are unable to work. ,6,1,,,,,0,7,7,7,1,6,1,6,7,1,7,6,1,1,7,1,1,1,1,1,100,60,100,30,100,100,100,100,100,1,5,4,5,4,4,3,7,6,5,2,5,3,5,4,5,2,1,1,1,1,1,7,7,7,4,1,1,1,1,7,7,7,7,1,HighSESManipulation,7
100,469,34,2,,1,,12,,5,8,2,2,unemployeed,disabled,illegal alien,6,1,,,,,0,5,5,5,3,3,1,5,6,2,5,5,1,2,6,3,3,1,1,1,100,100,100,100,100,100,100,100,100,1,4,5,4,5,5,1,5,1,5,2,5,2,5,1,5,1,0,1,3,3,3,3,6,6,6,2,4,3,3,7,7,7,7,1,HighSESManipulation,6
100,96060,38,2,,1,,8,,3,12,3,5,,,,,1,Politicians,CEOs,Professional athletes/musicians/actors,4,1,6,6,6,2,6,1,5,6,2,5,5,1,1,6,2,2,2,2,1,80,80,80,80,80,80,80,80,80,1,5,4,4,4,5,2,5,3,5,3,5,3,,3,5,2,1,1,2,2,2,6,6,5,5,2,2,2,2,6,6,6,6,1,LowSESManipulation,8
100,393,19,5,,2,,6,,1,11,4,3,black trans women,black women,black men,2,1,,,,,0,,,,,,0,,,,,,0,1,7,1,1,1,1,1,93,15,85,10,77,90,76,91,92,1,4,7,1,7,7,1,1,1,7,4,7,4,1,1,7,7,1,6,1,1,1,7,7,7,5,1,1,1,1,7,7,7,7,1,HighSESManipulation,5
100,435,20,2,,1,,5,,7,11,5,3,,,,,1,Amazon CEO,Billionares ,Celebrities ,4,1,5,4,4,4,4,1,5,5,3,4,4,0,5,5,3,3,2,2,1,100,100,100,100,100,100,100,100,100,1,6,3,5,3,4,3,6,4,5,4,4,4,5,4,5,4,1,5,5,5,5,5,7,6,4,3,3,3,4,5,4,5,4,1,LowSESManipulation,7
100,602,24,2,,2,,8,,3,5,3,2,,,,,1,Billionaires like Jeff Bezos and Elon Musk,Millionaires,Upper middle class and rich/well-off,2,1,,,,,,0,,,,,,0,1,7,1,2,1,1,1,80,70,80,29,75,80,50,80,80,1,1,6,2,7,7,1,3,4,6,2,4,1,3,1,6,6,1,1,1,4,1,7,7,7,6,1,1,1,2,7,7,6,6,1,LowSESManipulation,6
100,622,34,2,,1,,8,,7,12,2,2,Homeless people,People with drug addictions,Criminals,1,1,,,,,0,2,2,2,6,4,1,1,7,1,1,1,1,3,5,3,1,2,1,1,100,100,100,100,100,100,100,100,100,1,6,4,7,4,6,1,5,1,6,2,6,2,6,1,6,1,1,1,1,1,1,7,7,7,1,3,3,1,7,7,5,6,6,1,HighSESManipulation,7
6,13,,,,,,,,,,,,,,,,0,,,,,0,,,,,,0,,,,,,0,,,,,,,0,,,,,,,,,,0,,,,,,,,,,,,,,,,,0,,,,,,,,,,,,,,,,,0,,0
100,2093,27,2,,1,,8,,7,13,3,3,,,,,1,PRESIDENT'S ,CEO'S ,PROFESSIONAL ATHLETES ,5,1,1,1,2,6,3,1,1,1,7,1,1,1,3,4,4,2,4,4,1,48,50,35,80,40,48,50,12,0,1,7,4,6,4,4,2,4,3,6,3,4,2,4,4,5,3,1,4,4,3,2,5,5,4,5,3,3,3,3,5,5,5,5,1,LowSESManipulation,8
100,446,,2,,1,,5,,6,10,3,6,migrant workers,fast food employees,homeless,6,1,,,,,0,6,5,5,2,4,1,5,4,4,5,4,1,2,6,1,1,1,1,1,99,100,100,100,100,100,100,100,100,1,2,4,6,5,5,4,6,2,5,2,5,2,6,4,5,2,1,1,3,4,1,6,3,7,5,2,3,5,5,6,4,6,5,1,HighSESManipulation,7
6,7,,,,,,,,,,,,,,,,0,,,,,0,,,,,,0,,,,,,0,,,,,,,0,,,,,,,,,,0,,,,,,,,,,,,,,,,,0,,,,,,,,,,,,,,,,,0,,0
100,381,,2,,1,,8,,,10,3,3,Homeless,Uneducated ,Unemployed,8,1,,,,,0,5,4,3,4,3,1,2,5,2,2,2,1,2,6,3,1,1,1,1,100,100,100,100,100,100,100,100,100,1,5,6,3,5,5,1,5,2,6,2,4,1,5,2,6,2,1,3,1,1,1,7,7,7,7,1,1,1,1,7,7,7,7,1,HighSESManipulation,7
100,409,19,5,,2,,6,,5,10,4,3,,,,,1,white men,white women,nonblack men,1,1,,,,,,0,,,,,,0,1,7,1,1,1,1,1,93,30,86,19,58,78,69,85,87,1,1,7,1,7,7,1,1,1,7,7,7,1,1,1,7,1,1,1,1,1,1,7,7,7,6,1,1,1,1,7,7,7,7,1,LowSESManipulation,6
6,15,,,,,,,,,,,,,,,,0,,,,,0,,,,,,0,,,,,,0,,,,,,,0,,,,,,,,,,0,,,,,,,,,,,,,,,,,0,,,,,,,,,,,,,,,,,0,,0
100,982,34,2,,1,,5,,7,8,2,1,"service jobs, waitress,","jobs with technical degress, mechanics, welding",,3,1,,,,,0,6,6,6,1,1,1,7,7,1,7,7,1,1,6,1,1,1,1,1,100,100,100,100,100,100,100,100,100,1,2,2,2,2,4,4,1,4,1,6,2,6,2,6,2,2,1,1,1,1,1,7,7,7,7,1,1,1,1,7,7,7,7,0,HighSESManipulation,6
100,416,,2,,1,,12,,5,8,2,2,,,,,1,Athletes,Inventors,Actresses/Actors,8,1,5,2,5,3,5,0,5,6,2,5,5,1,6,6,3,3,6,2,1,100,100,100,100,100,100,100,100,100,1,5,5,5,3,5,3,5,3,5,3,5,2,5,2,5,3,1,2,1,3,3,3,5,7,6,2,2,2,2,7,7,7,5,1,LowSESManipulation,7
100,643,33,1,,1,,1,,8,10,4,2,Those experiencing homelessness ,Drug addicts,Inner City,6,1,,,,,0,5,3,2,4,2,1,2,7,2,1,2,1,2,6,5,2,2,1,1,100,100,51,100,100,70,100,1,1,1,6,6,6,2,7,1,5,6,5,4,6,2,3,2,6,2,1,3,1,1,1,7,7,7,7,1,1,1,2,7,7,6,5,1,HighSESManipulation,7
100,352,36,6,,6,,12,,5,10,1,1,,,,,0,,,,,0,,,,,,0,,,,,,0,1,2,1,2,4,4,1,50,40,50,50,50,50,50,50,50,1,3,7,4,4,4,1,3,4,7,7,4,1,6,1,7,1,1,1,1,1,1,7,7,7,7,1,1,1,1,7,7,7,7,1,LowSESManipulation,4
100,391,43,2,,1,,8,,5,3,3,1,,,,,1,doctor,lawyer,teacher,6,1,5,5,5,4,4,1,5,5,3,3,4,1,2,3,5,4,4,4,1,100,100,94,100,100,97,100,90,90,1,4,5,5,5,5,4,4,4,4,4,5,3,5,3,5,4,1,5,4,5,4,5,5,4,4,5,3,4,4,5,5,5,5,1,LowSESManipulation,8
100,474,,2,,1,,8,,5,9,3,3,Homeless ,Unemployed ,Middle Class ,5,1,,,,,0,4,3,4,5,3,0,3,5,3,3,4,1,2,5,3,1,2,1,1,100,100,100,100,100,100,100,100,100,1,5,5,6,4,5,3,5,2,6,4,5,3,5,2,5,3,1,1,1,1,2,7,7,7,7,2,7,2,1,7,7,7,7,1,HighSESManipulation,6
100,901,29,2,,2,,11,,5,6,1,1,Native Americans ,African Americans,Poverty/Low income,2,1,,,,,0,,,,,,0,,,,,,0,1,7,1,4,1,1,1,100,35,100,32,44,51,51,98,99,1,1,7,1,7,7,1,2,1,7,7,7,1,2,1,7,6,1,1,1,1,1,7,7,7,7,1,1,1,1,7,7,7,7,1,HighSESManipulation,5
100,441,43,2,,1,,8,,6,3,3,1,,,,,1,doctor,lawyer,teacher,5,1,5,5,6,2,5,1,5,6,2,5,5,1,2,3,5,4,3,3,1,90,100,74,100,97,97,100,54,55,1,5,5,3,5,4,2,6,2,6,2,4,2,6,2,6,1,1,4,6,6,2,6,6,4,4,3,2,2,2,6,6,6,6,1,LowSESManipulation,8
53,93,27,1,,1,,7,,4,3,2,2,,,,,0,,,,,0,,,,,,0,,,,,,0,,,,,,,0,,,,,,,,,,0,,,,,,,,,,,,,,,,,0,,,,,,,,,,,,,,,,,0,LowSESManipulation,0
100,786,28,2,,2,,4,,5,7,4,2,Homeless,Less priviledge,Orphan,5,1,,,,,0,,,,,,0,,,,,,0,2,1,1,1,6,2,1,100,70,100,80,51,60,100,50,50,1,6,5,5,6,7,1,6,1,6,6,6,4,5,1,7,5,1,5,2,4,2,7,6,5,6,1,1,1,,7,7,6,6,1,HighSESManipulation,5
100,553,20,2,,2,,4,,3,5,4,1,African Americans ,Immigrants,N/A,4,1,,,,,0,,,,,,0,,,,,,0,1,7,1,1,1,1,1,100,50,80,80,80,100,100,81,81,1,2,7,2,7,7,1,1,7,7,7,6,1,1,2,7,7,1,1,1,1,1,7,7,7,7,1,1,1,1,7,7,7,6,1,HighSESManipulation,5
100,315,20,2,,1,,5,,1,12,7,6,,,,,1,President of the United States ,Neurosurgeon ,Plastic surgeon ,1,1,7,7,7,1,6,1,6,7,1,7,7,1,1,7,1,1,1,1,1,100,100,100,100,100,100,100,100,100,1,6,4,4,4,7,2,5,3,5,3,5,2,2,4,5,1,1,1,1,1,1,7,7,6,7,1,1,1,1,7,7,7,7,1,LowSESManipulation,8
100,634,21,2,,7,,4,,5,2,1,1,unemployment,unstable job,low income,4,1,,,,,0,,,,,,0,,,,,,0,2,6,1,7,1,4,1,91,92,72,93,83,91,92,93,93,1,7,1,7,1,4,6,3,4,1,4,2,6,6,4,2,4,1,3,4,3,3,7,4,5,4,3,5,3,2,6,6,6,5,0,HighSESManipulation,4
100,429,33,1,,1,,1,,8,10,4,3,,,,,1,Wealthy,World Leaders,Athletes,6,1,3,2,2,5,2,1,1,6,3,2,3,1,2,7,5,2,2,2,1,100,100,68,100,100,100,100,56,57,1,5,5,7,2,7,1,3,1,4,3,7,2,3,1,6,5,1,1,1,1,1,7,7,7,7,1,1,1,2,7,7,7,7,1,LowSESManipulation,8
100,552,27,2,,1,,12,,5,3,5,2,,,,,1,President,Celebrity,Doctor,3,1,5,4,4,3,4,1,4,5,3,3,3,1,3,4,3,1,1,1,1,90,90,86,90,90,90,90,90,90,1,6,4,4,4,4,3,5,4,5,3,4,3,5,3,5,3,1,1,1,1,1,7,7,7,7,1,1,1,1,7,7,7,7,1,LowSESManipulation,8
100,2269,43,2,,1,,11,,5,9,2,3,Physically Disabled/Ill,Mentally Disabled/Ill,Veterans,3,1,,,,,0,2,2,2,3,2,0,1,5,4,1,1,1,3,2,5,4,1,4,1,60,60,60,60,60,60,60,60,60,1,7,2,7,1,4,1,4,4,4,4,4,4,4,4,4,4,0,1,2,2,1,5,6,7,7,3,5,4,4,5,4,6,4,1,HighSESManipulation,5
100,622,23,1,,1,,1,,5,11,5,2,Janitors,Plumbers,Cab drivers,5,1,,,,,0,5,5,5,3,4,1,3,3,3,3,3,1,3,4,4,2,3,3,1,100,100,100,100,100,75,75,100,100,1,6,3,5,3,4,3,4,4,4,3,4,4,4,4,5,4,1,3,3,4,3,5,5,4,4,4,5,5,3,7,4,5,4,1,HighSESManipulation,7
53,51,18,2,,1,,8,,5,11,7,6,,,,,0,,,,,0,,,,,,0,,,,,,0,,,,,,,0,,,,,,,,,,0,,,,,,,,,,,,,,,,,0,,,,,,,,,,,,,,,,,0,HighSESManipulation,0
100,785,29,2,,1,,12,,5,12,3,3,,,,,1,Professional Athletes ,CEOs,Celebrities,6,1,6,5,6,4,1,1,5,7,1,6,6,1,1,6,2,2,1,1,1,72,77,78,78,78,86,86,86,86,1,6,4,6,4,5,2,3,4,5,2,4,2,3,1,5,2,1,1,1,1,2,7,7,7,7,1,1,1,1,7,7,7,7,1,LowSESManipulation,8
100,1381,21,2,,1,,8,,5,6,3,2,,,,,1,lawyer,doctor - medic ,acting - musician,4,1,5,5,5,3,4,1,4,6,3,4,4,1,2,6,2,2,5,3,1,100,100,100,100,100,100,100,100,100,1,5,4,5,3,5,3,4,5,5,4,5,4,5,4,5,4,1,5,4,4,4,6,6,6,5,1,4,3,1,7,6,6,6,1,LowSESManipulation,8
6,6,,,,,,,,,,,,,,,,0,,,,,0,,,,,,0,,,,,,0,,,,,,,0,,,,,,,,,,0,,,,,,,,,,,,,,,,,0,,,,,,,,,,,,,,,,,0,,0
100,691,32,2,,"2,4",,8,,2,8,3,2,Homeless,Living in projects,Impoverished,6,1,,,,,0,,,,,,0,,,,,,0,2,6,1,1,1,1,1,70,80,80,70,80,80,80,80,80,1,3,6,2,6,7,5,2,1,5,6,7,5,2,1,5,6,1,2,2,1,1,7,7,7,7,1,1,1,1,7,7,7,7,1,HighSESManipulation,5
53,89,21,2,,1,,8,,5,12,6,4,,,,,0,,,,,0,,,,,,0,,,,,,0,,,,,,,0,,,,,,,,,,0,,,,,,,,,,,,,,,,,0,,,,,,,,,,,,,,,,,0,LowSESManipulation,0
6,16,,,,,,,,,,,,,,,,0,,,,,0,,,,,,0,,,,,,0,,,,,,,0,,,,,,,,,,0,,,,,,,,,,,,,,,,,0,,,,,,,,,,,,,,,,,0,,0
6,96574,,,,,,,,,,,,,,,,0,,,,,0,,,,,,0,,,,,,0,,,,,,,0,,,,,,,,,,0,,,,,,,,,,,,,,,,,0,,,,,,,,,,,,,,,,,0,,0
53,64,34,2,,1,,8,,7,12,2,2,,,,,0,,,,,0,,,,,,0,,,,,,0,,,,,,,0,,,,,,,,,,0,,,,,,,,,,,,,,,,,0,,,,,,,,,,,,,,,,,0,LowSESManipulation,0
53,158,24,2,,2,,8,,3,5,3,2,,,,,0,,,,,0,,,,,,0,,,,,,0,,,,,,,0,,,,,,,,,,0,,,,,,,,,,,,,,,,,0,,,,,,,,,,,,,,,,,0,HighSESManipulation,0
100,538,19,2,,1,,11,,2,12,5,5,,,,,1,Millionaires,CEO's,Doctors,7,1,7,7,7,1,7,1,5,5,3,5,1,1,1,6,1,1,1,1,1,70,90,75,60,60,100,100,90,100,1,5,5,6,6,7,1,6,5,7,3,5,3,7,3,7,1,1,2,5,6,3,5,6,6,5,1,1,1,2,7,7,7,6,1,LowSESManipulation,8
100,982,27,2,,1,,1,,5,9,5,5,"People who seek to be served and taken care of by others (and have zero respect for others) instead of learning to invest in the lives of others by listening to them and learning to serve them better. (ie. the ""it is all about me"" attitude)","When individuals do not seek to better themselves (seek to improve health, lifestyle) and instead choose to do absolutely nothing and make excuses as to why that is okay.","Individuals who are not willing to help others because it would ""make them look bad"" or affect their status in life. (ie Kylie Jenner buying her daughter a school bus recently because she can blow through money without thinking, rather than helping those who actually need assistance).",7,1,,,,,0,5,3,2,4,1,1,3,5,3,3,4,1,3,5,3,2,2,2,1,100,92,100,100,100,100,100,100,100,1,6,2,7,3,6,4,4,2,4,3,4,2,4,2,4,3,1,2,1,2,1,7,7,6,6,2,4,2,2,6,6,7,6,1,HighSESManipulation,7
100,796,42,2,,1,,8,,5,6,2,2,Homeless People,People who live off of assistance ,unemployed people,6,1,,,,,0,3,2,2,4,4,1,4,5,2,4,4,1,1,5,2,2,2,1,1,100,100,100,100,100,100,100,100,100,1,4,4,4,4,4,3,4,4,4,4,4,4,4,4,4,4,1,2,2,2,2,5,5,5,5,4,4,4,4,5,5,5,5,1,HighSESManipulation,7
100,263,42,2,,1,,8,,5,6,2,2,,,,,1,Homeless People,Unemployed ,People living off assistance ,6,1,4,4,4,4,4,1,4,4,4,4,4,1,2,5,2,2,2,2,1,100,100,100,100,100,100,100,100,100,1,4,4,4,4,4,4,4,4,4,4,4,4,4,4,4,4,1,3,2,2,2,2,2,2,2,2,2,2,2,5,5,5,5,1,LowSESManipulation,8
100,619,22,1,,1,,3,,5,12,5,5,,,,,1,Celebrities,Politicians,CEOs,6,1,5,5,2,1,2,1,1,6,2,1,1,1,2,5,1,1,1,1,1,100,100,100,100,100,100,100,100,100,1,6,2,7,1,5,1,4,1,5,3,5,1,4,2,4,4,1,1,1,1,1,4,7,7,7,1,1,1,4,7,6,7,6,1,LowSESManipulation,8
100,517,21,2,,1,,8,,2,13,6,3,homeless,EBT/ low income ,minimum wage workers,8,1,,,,,0,7,7,7,1,7,1,7,7,1,7,7,1,1,7,1,1,1,1,1,100,60,100,100,100,100,100,100,66,1,7,1,7,1,4,7,2,2,2,3,2,6,6,3,2,4,1,1,1,1,1,7,7,7,7,1,1,1,1,7,7,7,7,1,HighSESManipulation,7
100,588,18,2,,1,,12,,5,4,5,3,low income,no education,labor jobs,6,1,,,,,0,6,6,6,1,6,1,7,7,1,7,7,0,1,7,1,1,1,4,1,100,100,100,100,100,100,100,100,100,1,4,4,1,3,6,4,3,4,7,3,5,1,6,1,7,3,1,3,3,3,4,7,7,7,7,1,2,1,1,7,6,7,7,1,HighSESManipulation,6
100,704,21,2,,1,,8,,2,13,6,3,,,,,1,homeless,EBT/ low income,minimum wage workers,8,1,7,7,7,1,6,1,7,7,1,7,7,1,1,7,1,1,1,1,1,100,60,100,100,100,100,100,100,56,1,7,1,7,1,2,7,2,6,1,4,2,7,3,6,1,4,1,1,1,1,1,7,7,7,7,1,1,1,1,7,7,7,7,1,LowSESManipulation,8
100,1229,38,2,,1,,13,"I was raised ISKCON which informs a lot of my thinking, but do not practice any religion",1,3,2,1,homeless,prisoners,migrant farm laborers,4,1,,,,,0,7,6,5,1,6,1,5,6,1,4,6,1,1,7,1,1,1,1,1,50,46,47,38,45,40,40,45,45,1,2,4,3,3,5,5,5,5,3,2,3,4,6,4,3,2,1,1,1,1,1,7,7,7,7,1,1,1,1,7,7,6,7,1,HighSESManipulation,7
100,815,21,2,,"1,2",,8,,3,10,3,3,,,,,1,CEO's of Major Corporations,Hedge Fund Managers,Pharmaceutical Company Presidents,4,1,6,1,5,1,4,1,1,4,1,1,1,1,1,7,2,1,1,1,1,100,74,100,100,100,100,100,100,100,1,7,1,7,2,7,1,4,1,7,1,7,1,4,1,,4,1,1,1,1,1,7,7,7,7,1,1,1,1,7,7,7,7,1,LowSESManipulation,8
100,930,36,2,,1,,8,,7,5,1,1,homeless,prostitutes,housekeepers,6,1,,,,,0,3,2,3,5,2,1,1,1,7,1,1,1,2,2,4,4,4,4,1,100,100,100,100,100,100,100,100,100,1,7,1,7,1,4,1,6,4,4,1,4,1,6,1,4,2,1,1,1,1,1,7,7,7,7,1,1,1,4,7,7,7,7,1,HighSESManipulation,7
100,391,18,2,,1,,11,,1,5,5,5,Immigrants,Those in poverty/inner-city or rural areas,"Minorities such as Hispanic and Latinx people, Native Americans, African-Americans, etc.",8,1,,,,,0,7,7,7,1,7,1,6,7,1,5,5,1,1,7,1,1,1,1,1,100,100,100,81,100,100,100,100,100,1,7,7,4,6,7,1,6,1,7,1,7,1,7,1,4,1,1,4,1,1,1,7,2,7,7,1,1,1,1,7,7,7,7,1,HighSESManipulation,7
100,375,20,2,,1,,5,,6,11,5,5,,,,,1,doctors,lawyers,teaches,6,1,5,3,4,5,3,1,1,5,3,1,2,1,2,6,2,1,1,1,1,100,100,100,100,100,100,100,68,77,1,7,6,6,6,6,1,5,2,6,1,6,1,6,3,6,6,1,2,2,4,4,6,4,1,4,1,1,1,1,7,7,7,7,1,LowSESManipulation,8
100,805,18,2,,1,,5,,5,13,6,6,,,,,1,the government,doctors,lawyers,7,1,5,6,6,2,6,1,5,7,2,4,5,1,2,6,5,3,3,3,1,100,100,100,100,100,100,100,100,100,1,6,4,7,5,7,1,5,1,7,4,5,1,6,1,6,1,1,2,2,3,2,6,7,4,2,2,1,2,2,6,6,6,6,1,LowSESManipulation,8
100,822,32,2,,1,,11,,5,12,5,5,LGBTQ+,People who live in ghettos or slums,fast food workers,8,1,,,,,0,6,4,5,2,5,1,1,3,3,1,1,1,1,7,2,1,1,1,1,95,95,80,80,80,95,95,95,95,1,3,5,3,5,5,1,5,3,6,2,6,1,6,1,6,2,1,1,1,1,1,4,4,6,5,3,1,4,3,5,6,5,4,1,HighSESManipulation,7
100,747,19,2,,2,,8,,3,4,5,3,,,,,1,White men,Celebrities ,Business Owners,3,1,,,,,,0,,,,,,0,1,7,1,2,1,1,1,95,60,90,75,75,95,75,75,75,1,1,7,2,7,7,5,3,2,7,6,6,1,2,2,7,6,1,1,1,1,1,7,7,7,6,1,1,1,1,7,7,7,7,1,LowSESManipulation,6
100,719,19,1,,1,,13,satanist,9,13,5,7,Homeless,Fast Food Workers,Janitors,10,1,,,,,0,1,1,6,3,1,1,1,6,4,1,1,1,6,7,7,6,7,6,1,100,100,1,20,1,1,100,50,50,1,7,6,7,4,7,1,6,4,7,2,7,1,7,1,7,1,1,7,7,7,7,5,2,2,4,5,4,3,6,3,4,5,4,1,HighSESManipulation,7
100,394,18,2,,1,,8,,5,10,5,5,,,,,1,top business owners,athletes ,celebrities ,6,1,5,3,3,5,1,1,6,7,1,6,5,1,3,6,5,3,1,1,1,100,100,100,100,100,100,100,100,100,1,7,1,7,1,4,1,4,4,5,3,4,5,5,4,4,5,1,1,1,5,1,6,5,7,4,1,7,1,3,7,5,6,5,1,LowSESManipulation,8
100,1278,18,2,,1,,8,,5,10,5,5,homeless,Physically impared.,jobless/unemployed for a long period of time or people living in debt.,7,1,,,,,0,6,5,4,3,5,1,5,5,3,5,6,1,1,5,3,3,2,1,1,70,95,65,100,75,70,70,70,60,1,6,5,7,5,6,5,6,4,6,2,5,2,6,2,6,2,1,5,3,3,2,6,6,6,6,2,2,2,6,6,6,6,6,1,HighSESManipulation,7
100,661,18,2,,1,,8,,3,3,1,1,,,,,1,Billionares (Jeff Bazos),Politicians,Successful Celebrities,2,1,7,6,6,2,4,1,4,6,1,6,7,1,1,5,1,1,1,1,1,90,90,90,90,90,90,90,90,90,1,4,1,7,1,4,4,5,4,4,4,4,4,5,2,4,4,1,1,1,1,1,1,7,5,5,4,4,2,2,6,6,7,7,1,LowSESManipulation,8
100,1111,37,2,,1,,12,,5,12,1,3,MINORITIES,DRUG USERS,ELDERLY,7,1,,,,,0,3,3,3,6,3,1,1,,7,2,1,1,5,4,4,2,2,2,1,100,100,100,100,100,100,100,100,100,1,7,1,1,1,4,1,4,4,4,4,4,1,4,4,4,4,1,1,1,1,1,7,7,1,7,1,1,1,1,7,7,7,7,1,HighSESManipulation,7
100,2285,27,1,,1,,7,,5,12,4,2,The homeless,illiterate people,Drug addicts,7,1,,,,,0,5,4,5,3,4,1,1,4,3,1,4,1,2,5,2,1,4,4,1,100,100,100,100,100,100,100,100,100,1,5,2,7,1,4,4,5,4,4,4,5,4,5,4,4,4,1,1,1,1,1,7,7,6,6,1,1,2,2,6,6,6,6,1,HighSESManipulation,7
100,377,19,1,,"1,4",,5,,5,13,6,5,,,,,1,Bill Gates,Elon Musk,Jimmy Buffet,1,1,6,5,5,3,3,1,2,2,4,3,3,1,1,3,2,4,2,2,1,100,100,100,100,100,100,100,100,76,1,6,4,5,4,4,3,4,3,4,3,4,4,3,2,5,4,1,4,2,5,4,4,3,5,4,4,4,4,4,7,4,4,4,1,LowSESManipulation,8
100,595,18,2,,1,,8,,2,8,5,3,Homeless people,Adult fast food workers,Adult minimum wage workers,4,1,,,,,0,7,7,7,1,4,1,2,7,1,1,7,1,1,7,1,1,1,1,1,100,100,100,100,100,100,100,100,100,1,6,3,7,6,6,2,6,6,5,1,2,4,7,6,5,1,1,1,1,1,1,7,7,7,6,1,1,1,,7,7,7,7,1,HighSESManipulation,7
100,145,20,1,,7,,4,,8,2,1,1,,,,,0,4,5,6,2,0,,,,,,0,,,,,,0,7,4,7,3,7,3,0,54,75,85,91,100,,82,92,90,1,6,2,6,3,7,2,7,3,7,3,7,7,3,7,7,4,0,7,3,7,4,7,3,7,7,4,7,4,7,4,7,3,7,0,LowSESManipulation,1
100,1795,20,2,,1,,11,,1,9,5,2,,,,,1,Actors and Musicians,Politicians,"CEO's of huge companies so Jeff Bezos, Elon Musk, Mark Zuckerburg, etc.",2,1,7,7,7,1,6,1,7,7,1,7,7,1,1,7,1,1,1,1,1,100,70,100,30,100,100,100,100,80,1,3,1,7,1,4,2,7,3,3,1,4,5,6,2,3,1,1,1,1,1,1,7,7,7,7,1,1,1,1,7,7,7,7,1,LowSESManipulation,8
100,648,21,2,,1,,8,,6,10,5,3,People in poverty,homeless,people without a high school diploma or GED,5,1,,,,,0,6,7,6,1,6,1,2,5,2,5,6,1,1,5,2,1,1,1,1,90,90,80,95,95,90,90,90,90,1,6,2,6,2,4,2,3,2,4,5,4,4,3,4,4,5,1,4,2,1,4,7,6,6,6,1,1,1,2,7,7,7,7,1,HighSESManipulation,7
100,793,19,2,,1,,8,,8,9,3,2,The homeless,Foster Care Children,Kids in Africa,5,1,,,,,0,5,4,5,4,5,1,1,2,5,2,2,1,5,4,5,5,3,3,1,50,70,49,88,51,32,29,51,51,1,5,6,5,6,7,1,5,2,7,4,4,4,6,1,7,2,1,4,4,5,2,3,4,4,4,5,4,4,4,4,3,4,4,1,HighSESManipulation,7
100,2922,19,2,,2,,8,,4,13,4,5,,,,,1,Jeff Bezos,Elon Musk,Kanye West,3,1,,,,,,0,,,,,,0,1,7,1,1,1,1,1,100,45,95,80,95,90,70,60,50,1,5,7,2,4,7,1,1,1,7,1,6,1,3,1,7,5,1,1,1,1,1,7,7,6,7,1,1,1,1,7,7,7,7,1,LowSESManipulation,6
75,89,21,2,,"1,2",,8,,3,10,3,3,,,,,1,Corporate Executives,Pharmaceutical Company CEO,Hedge Fund Presidents,3,1,,,,,,0,,,,,,0,,,,,,,0,,,,,,,,,,0,,,,,,,,,,,,,,,,,0,,,,,,,,,,,,,,,,,0,LowSESManipulation,2
6,50,,,,,,,,,,,,,,,,0,,,,,0,,,,,,0,,,,,,0,,,,,,,0,,,,,,,,,,0,,,,,,,,,,,,,,,,,0,,,,,,,,,,,,,,,,,0,,0
100,610,18,2,,1,,11,,1,5,5,5,,,,,1,Wealthy ,White ,Men,7,1,7,7,7,1,6,1,6,7,1,6,6,1,1,7,1,1,1,1,1,100,91,100,68,100,100,100,100,100,1,7,2,3,4,7,1,6,1,6,1,6,1,7,1,7,1,1,4,1,1,1,7,7,1,6,1,1,1,2,7,7,7,7,1,LowSESManipulation,8
100,738,19,1,,1,,12,,7,10,5,5,People that consider a fast food job a main source of income,People who are on welfare,People who cannot pay off their bills,9,1,,,,,0,4,3,5,4,2,1,1,5,4,1,1,1,2,3,3,3,2,2,1,80,100,60,80,61,40,100,50,50,1,7,1,7,2,7,1,6,1,7,2,7,6,5,1,7,4,1,5,4,6,3,4,2,6,4,5,5,6,6,6,5,3,3,1,HighSESManipulation,7
100,1041,20,1,,1,,8,,6,3,6,2,,,,,1,Doctors with a high level of education and experience,Businessman with a lot of money in estate and stocks usually,Engineers can sometimes be up there with certain jobs ,3,1,7,6,6,1,2,0,5,5,1,5,7,1,1,3,1,1,1,1,1,100,100,100,100,100,100,100,100,100,1,3,2,1,1,4,5,4,3,4,2,1,3,4,3,4,3,1,3,5,2,3,4,7,6,1,1,6,1,1,7,7,6,6,1,LowSESManipulation,7
100,750,18,2,,1,,5,,3,13,3,5,,,,,1,business entrepreneurs/owners ,surgeons/doctors,physicians ,6,1,7,7,7,1,6,1,6,7,1,2,1,1,1,7,1,1,1,1,1,90,90,90,91,90,90,90,90,90,1,3,5,5,5,5,3,6,4,4,1,5,3,6,3,5,1,1,1,1,1,1,7,7,7,7,1,1,1,1,7,7,7,7,1,LowSESManipulation,8
100,12589,19,1,,1,,8,,5,13,3,4,People on Welfare ,Homeless people,Any Jobless individuals ,8,1,,,,,0,3,1,2,2,2,1,2,5,3,5,3,1,1,6,1,4,1,1,1,100,100,100,100,100,100,100,100,100,1,7,4,7,4,3,4,5,4,5,3,4,3,4,1,4,3,1,4,1,1,1,7,7,7,7,1,1,1,1,7,7,7,7,1,HighSESManipulation,7
100,597,18,2,,1,,8,,5,13,5,5,No education ,People who have health issues ,Single parent,7,1,,,,,0,6,6,6,2,1,1,3,6,1,4,3,1,3,6,4,3,1,1,1,100,100,100,100,100,100,100,100,100,1,7,1,7,1,5,1,4,4,5,4,4,4,5,3,7,3,1,1,1,1,1,7,7,7,7,1,2,4,3,7,7,7,7,1,HighSESManipulation,7
100,253,19,1,,1,,5,,5,13,5,5,sanitation workers,the homeless,minimum wage workers,7,1,,,,,0,4,4,5,4,5,1,3,4,2,4,3,0,3,2,3,3,2,3,1,100,100,100,100,100,100,100,100,100,1,5,2,3,4,4,3,5,4,5,4,5,4,4,4,5,4,1,3,5,4,5,4,5,4,5,4,5,5,5,5,4,4,5,1,HighSESManipulation,6
100,528,50,1,,1,,11,,4,8,6,5,,,,,1,CEO's,High level politicians,Big business owners,4,1,7,7,7,1,7,1,4,4,4,5,4,1,1,7,1,1,1,2,1,90,90,90,80,90,95,95,90,90,1,6,4,5,3,4,3,2,1,5,2,4,4,4,1,5,5,1,1,1,3,4,6,7,7,7,1,1,1,1,4,7,7,7,1,LowSESManipulation,8
100,727,19,2,,1,,11,,3,12,3,2,the homeless,those paid below minimum wage,those in redlined communities,5,1,,,,,0,7,6,7,2,5,1,6,5,3,5,6,1,1,5,1,1,1,1,1,50,50,30,10,30,70,50,50,50,1,7,1,7,1,4,4,5,4,4,4,1,4,5,4,4,4,1,5,1,1,1,7,6,7,7,1,1,5,5,3,5,6,4,1,HighSESManipulation,7
100,707,18,2,,1,,13,Wiccan,2,12,5,5,,,,,1,Jeff Bezos,Royal Family,Elon Musk,6,1,7,7,7,1,1,1,6,7,1,7,6,1,1,7,1,1,1,1,1,100,50,100,10,90,100,90,100,100,1,4,2,7,1,1,5,7,6,2,6,3,3,6,7,2,3,1,1,1,1,1,7,7,7,7,1,1,1,1,7,7,7,7,1,LowSESManipulation,8
100,590,18,2,,1,,12,,5,7,4,3,underclass,minorities,working class,6,1,,,,,0,5,4,5,4,4,1,5,6,2,6,4,1,2,7,2,4,1,1,1,100,100,100,100,100,100,100,100,100,1,7,1,1,1,1,1,5,3,5,4,4,1,4,4,5,4,1,1,1,1,1,7,7,7,4,1,7,1,1,7,7,7,7,1,HighSESManipulation,7
100,607,18,2,,1,,8,,3,13,5,5,,,,,1,Doctors,Actors/Actresses,Musicians ,7,1,7,6,7,1,3,1,3,7,1,6,6,1,1,1,1,1,1,1,1,100,90,69,63,85,100,100,67,41,1,6,3,7,3,6,2,7,2,5,4,3,3,6,3,4,2,0,2,1,1,1,6,7,7,7,2,3,3,4,6,5,5,4,1,LowSESManipulation,7
100,1655,18,2,,1,,11,,1,4,2,2,Homeless People,Illegal Immigrants ,Newly Adults (18-20),1,1,,,,,0,7,7,7,1,7,1,7,7,1,7,7,1,1,7,1,1,1,1,1,100,90,100,90,100,100,90,100,100,1,7,1,7,1,4,5,1,7,4,1,4,4,4,4,4,1,1,1,1,1,1,7,7,7,7,1,1,1,1,7,7,7,7,1,HighSESManipulation,7
6,15,,,,,,,,,,,,,,,,0,,,,,0,,,,,,0,,,,,,0,,,,,,,0,,,,,,,,,,0,,,,,,,,,,,,,,,,,0,,,,,,,,,,,,,,,,,0,,0
100,344,21,2,,1,,11,,3,5,4,4,,,,,1,White heterosexual men,Rich White men,Rich white families,5,1,7,7,7,1,6,1,6,7,1,7,7,1,1,7,1,1,1,1,1,95,8,100,4,100,100,50,49,50,1,4,5,2,4,4,4,7,4,1,1,4,4,4,4,2,4,1,1,1,1,1,7,7,7,7,1,1,1,1,7,7,7,7,1,LowSESManipulation,8
100,328,22,2,,1,,8,,2,9,6,3,uneducated,jobless,homeless,5,1,,,,,0,6,5,4,3,4,1,2,6,2,6,5,1,1,7,1,1,1,1,1,100,100,100,100,100,100,100,100,100,1,6,2,6,2,4,3,5,4,4,3,4,4,5,3,4,3,1,1,2,4,3,6,6,6,6,1,2,2,3,6,6,6,6,1,HighSESManipulation,7
100,2335,18,1,,1,,8,,6,12,7,6,,,,,1,Business Owners ,Doctors,Athletes,7,1,3,3,3,4,2,1,2,3,4,3,3,1,4,5,4,2,3,2,1,75,80,75,75,80,50,70,75,75,1,5,3,3,3,4,3,4,4,5,3,4,3,4,3,5,3,1,5,3,5,5,4,3,4,4,3,5,4,5,5,5,5,4,1,LowSESManipulation,8
53,53,19,2,,1,,11,,3,10,5,5,,,,,0,,,,,0,,,,,,0,,,,,,0,,,,,,,0,,,,,,,,,,0,,,,,,,,,,,,,,,,,0,,,,,,,,,,,,,,,,,0,HighSESManipulation,0
100,2267,19,2,,2,,13,Baptist Christian,5,4,6,3,Repeat Drug Use abusers,Went to Jail at a young age,drop out of high school because of drugs/alcohol addiction,8,1,,,,,0,,,,,,0,,,,,,0,1,7,1,1,1,1,1,85,53,63,76,74,76,78,55,79,1,2,5,2,5,5,2,3,4,7,4,4,1,3,3,6,4,1,2,1,2,1,7,6,7,5,1,2,1,2,7,7,7,7,1,HighSESManipulation,5
100,393,19,2,,1,,8,,2,13,6,5,,,,,1,jeff bezos,donald trump,kim kardashian,6,1,7,7,7,1,3,1,7,7,1,7,7,1,1,7,1,1,1,1,1,100,100,100,100,100,100,100,100,100,1,6,2,6,6,4,5,7,5,4,1,4,4,5,4,3,6,1,1,1,1,1,7,7,7,7,1,1,1,1,7,7,7,7,1,LowSESManipulation,8
100,823,19,1,,1,,12,,7,6,2,3,Immigrants,Black,Disabled,6,1,,,,,0,1,1,1,7,1,1,1,4,5,1,1,1,7,1,7,4,4,4,1,100,100,100,100,100,100,100,100,100,1,7,1,7,1,7,1,4,4,4,4,4,4,4,1,4,1,1,1,1,1,1,7,7,7,7,1,4,1,3,7,7,7,7,1,HighSESManipulation,7
100,598,19,2,,1,,5,,2,8,5,2,,,,,1,ceo,billionaires,famous actors,5,1,7,7,7,1,4,1,6,7,1,6,6,1,1,4,1,1,1,1,1,100,74,100,70,100,100,81,100,100,1,6,1,2,2,4,3,2,4,2,6,4,4,5,4,1,6,1,4,1,1,1,7,7,7,7,1,1,1,1,7,7,7,7,1,LowSESManipulation,8
100,992,20,5,,1,,7,,2,9,6,3,,,,,1,Business/Company Owners (in terms of most money),Doctors and Medical Professionals (in terms of most education),Teachers and Instructors (in terms of most respect),6,1,7,6,7,1,4,1,6,7,2,6,6,0,1,7,1,1,1,1,1,90,65,90,50,90,95,70,90,90,1,6,2,6,2,5,6,4,6,5,4,5,3,6,4,5,3,1,1,1,1,1,7,7,7,7,1,1,1,2,7,7,6,7,1,LowSESManipulation,7
100,1041,18,2,,1,,11,,3,5,5,2,immigrants ,the homeless,unemployed people,5,1,,,,,0,7,7,7,1,7,1,5,7,1,6,6,1,1,7,1,1,1,1,1,100,53,100,47,100,100,100,100,100,1,4,6,4,4,4,3,2,4,,4,4,5,3,3,3,4,1,1,1,1,1,7,7,7,7,1,1,1,1,7,7,7,7,1,HighSESManipulation,7
100,1336,18,2,,1,,11,,3,5,3,3,,,,,1,Celebraties,Governmental people,Billionaires,3,1,7,7,7,1,7,1,7,7,1,7,7,1,1,6,1,1,1,1,1,100,100,100,100,100,100,100,100,100,1,7,1,7,1,4,4,7,4,4,7,4,4,6,4,4,4,0,1,1,1,1,7,7,7,7,1,1,1,1,7,7,7,7,1,LowSESManipulation,7
100,442,19,2,,1,,7,,2,9,5,5,Homeless,Minimum wage employees ,People in poverty,7,1,,,,,0,7,7,7,1,7,1,2,5,4,3,1,1,1,7,3,1,2,1,1,60,80,70,55,55,100,91,87,90,1,2,6,3,5,6,1,6,6,7,6,6,3,7,5,6,1,1,6,6,6,5,5,7,6,5,1,2,1,2,7,7,7,6,1,HighSESManipulation,7
100,924,20,2,,1,,8,,3,13,7,4,Those who are unemployed,Those with no high school diploma,Those who are homeless,8,1,,,,,0,7,7,7,1,6,1,6,7,1,7,7,1,1,6,1,1,1,1,1,100,100,100,100,100,100,100,100,100,1,6,3,6,2,4,2,2,2,4,5,4,3,2,1,3,1,1,1,1,1,1,7,7,7,7,1,3,1,1,7,7,7,7,1,HighSESManipulation,7
100,1050,19,2,,1,,7,,3,6,3,2,,,,,1,politicians,Celebrites,Surgeons ,2,1,7,6,5,1,5,1,6,7,1,6,7,1,1,7,1,1,1,1,1,100,100,100,100,100,100,100,100,100,1,5,4,5,4,4,5,5,4,4,3,4,5,7,4,5,4,1,2,1,2,2,7,7,7,6,7,4,3,3,7,7,7,7,1,LowSESManipulation,8
100,432,21,2,,"1,2",,8,,3,9,3,3,Janitor,Fast Food Worker,State Worker (ex. DMV employee),3,1,,,,,0,7,4,7,1,3,1,1,7,1,4,1,1,1,6,1,1,1,1,1,81,74,100,80,100,97,100,100,100,1,5,5,7,3,7,1,4,3,7,3,7,1,3,1,7,2,1,1,1,1,1,7,7,7,7,1,1,1,1,7,7,7,7,1,HighSESManipulation,7
100,710,20,1,,1,,8,,6,11,6,2,High School Drop outs,Homeless,Drug Addicts,5,1,,,,,0,3,3,3,5,2,1,1,2,4,2,2,1,5,4,4,3,4,4,1,100,100,100,100,100,100,100,100,100,1,6,3,6,2,4,1,4,4,4,4,4,3,4,3,4,3,1,2,3,3,1,6,6,6,4,2,2,2,3,5,5,5,5,1,HighSESManipulation,7
53,43,27,2,,1,,12,,5,9,5,5,,,,,0,,,,,0,,,,,,0,,,,,,0,,,,,,,0,,,,,,,,,,0,,,,,,,,,,,,,,,,,0,,,,,,,,,,,,,,,,,0,LowSESManipulation,0
100,895,19,1,,1,,7,,4,12,5,5,,,,,1,people who have second homes,millionares,trust fund kids + adults,7,1,5,5,4,3,2,1,3,3,5,5,5,1,3,5,4,4,3,4,1,80,66,78,90,86,68,86,76,75,1,6,2,5,2,4,3,2,5,3,3,4,5,3,4,3,4,1,2,2,3,1,6,7,6,7,2,6,2,6,6,6,6,6,1,LowSESManipulation,8
100,414,19,2,,1,,5,,4,13,5,7,homeless,drug addicts ,unemployed ,6,1,,,,,0,5,5,4,3,2,1,5,7,1,5,5,1,1,6,1,1,1,1,1,100,100,100,100,100,100,100,71,81,1,5,1,7,1,4,2,3,5,4,4,5,4,6,1,4,2,0,4,1,1,4,7,7,7,7,1,1,1,1,7,7,7,7,1,HighSESManipulation,6
100,624,20,1,,1,,8,,7,6,4,7,Homeless,Mcdonald's,Walmart,4,1,,,,,0,4,4,4,4,4,1,3,4,4,4,4,1,4,4,1,2,,2,1,100,100,100,100,100,100,100,100,100,1,4,4,5,4,4,4,4,4,4,4,4,4,4,3,4,4,1,4,4,4,4,4,4,4,4,4,4,4,4,4,4,4,4,1,HighSESManipulation,7
100,302,18,2,,4,,7,,3,10,6,5,,,,,1,lawyers,doctors/workers high up in the medical field,politicians,5,1,,,,,,0,,,,,,0,1,7,1,1,1,1,1,100,100,100,75,100,100,100,100,100,1,6,6,2,6,3,2,1,5,6,6,3,2,2,5,5,6,1,5,1,2,1,7,7,6,7,1,1,1,2,7,7,7,7,1,LowSESManipulation,6
100,1017,18,2,,1,,6,,3,8,5,5,,,,,1,government officials,celebrities,ceos,5,1,6,5,4,2,4,1,5,5,3,5,5,1,2,7,2,1,1,1,1,50,50,50,20,50,50,50,50,50,1,6,1,7,1,4,1,3,4,3,4,4,4,5,3,4,4,1,1,1,2,2,4,6,7,5,1,1,1,2,4,6,4,6,1,LowSESManipulation,8
100,1760,19,6,,1,,12,,5,4,2,2,High-school dropouts,Broke people (no money),In poverty,4,1,,,,,0,4,4,4,6,4,1,7,7,1,7,7,1,4,7,1,1,4,2,1,100,100,100,100,100,100,100,100,100,1,2,3,5,4,3,6,4,4,1,4,4,6,2,4,1,6,1,4,1,1,1,7,6,7,4,1,7,1,1,7,7,7,7,1,HighSESManipulation,7
100,1766,18,2,,1,,3,,7,13,6,4,The lower class,People in poverty,Mechanics,7,1,,,,,0,3,1,2,7,4,1,1,7,3,7,5,0,6,5,2,1,2,2,1,70,70,51,100,50,100,50,0,0,1,7,5,7,2,6,1,6,2,7,2,7,2,5,3,7,5,1,4,2,2,4,7,7,6,7,1,1,1,1,7,7,7,7,1,HighSESManipulation,6
6,4,,,,,,,,,,,,,,,,0,,,,,0,,,,,,0,,,,,,0,,,,,,,0,,,,,,,,,,0,,,,,,,,,,,,,,,,,0,,,,,,,,,,,,,,,,,0,,0
100,1422,18,2,,1,,,,8,6,3,4,,,,,1,president,doctors,famous people,6,1,2,2,2,5,2,1,1,4,4,3,3,1,2,5,4,3,3,4,1,100,100,100,100,95,100,100,80,80,1,6,5,6,5,4,4,4,4,5,3,4,4,5,3,5,3,1,4,3,2,4,5,5,5,5,2,4,2,2,6,6,6,6,1,LowSESManipulation,8
100,556,18,2,,1,,3,,6,6,5,3,homeless,less fortunate,no education,8,1,,,,,0,7,7,7,1,7,1,7,7,1,7,7,0,1,7,1,1,1,2,1,100,100,100,100,100,100,100,100,100,1,4,4,3,,4,4,4,4,4,4,4,4,4,4,4,4,1,1,2,2,1,7,7,7,4,1,1,1,1,7,7,7,7,1,HighSESManipulation,6
100,473,19,2,,1,,8,,3,9,5,5,,,,,1,People who volunteer without initiation ,musicians,those who strive for positive change,6,1,7,7,7,1,6,1,6,7,1,6,6,1,1,5,1,1,1,1,1,100,87,95,52,89,100,68,100,100,1,5,6,2,5,5,4,6,7,6,4,6,1,7,1,5,1,1,5,3,6,2,7,7,7,2,1,1,3,1,7,7,7,7,1,LowSESManipulation,8
100,590,21,2,,1,,5,,3,3,2,5,,,,,1,President ,Celebrities,Millionaires,3,1,7,5,5,2,1,1,1,6,3,2,5,1,2,6,2,1,1,1,1,100,100,100,49,100,100,100,100,100,1,6,4,5,4,4,2,4,2,5,4,4,1,7,1,7,1,1,1,1,1,1,7,7,7,7,1,1,1,1,7,7,7,7,1,LowSESManipulation,8
100,614,18,5,,1,,7,,1,6,2,2,Homeless individuals,POC trans women,Indigenous women,9,1,,,,,0,7,7,7,1,7,1,6,7,1,7,7,1,1,4,1,1,1,1,1,50,50,50,20,50,80,0,100,100,1,7,1,1,1,1,1,1,4,1,7,1,7,6,4,1,1,1,2,1,1,1,7,7,7,7,1,1,1,1,7,7,7,7,1,HighSESManipulation,7
53,70,21,2,,1,,1,,4,8,2,3,,,,,0,,,,,0,,,,,,0,,,,,,0,,,,,,,0,,,,,,,,,,0,,,,,,,,,,,,,,,,,0,,,,,,,,,,,,,,,,,0,LowSESManipulation,0
100,1030,35,2,,1,,8,,6,13,6,4,,,,,1,CEO's of Large Companies,Physicians in a specialty,Sports Stars,5,1,5,5,5,3,5,1,3,5,3,3,3,1,2,5,5,4,4,3,1,70,70,61,75,50,70,75,65,50,1,5,2,5,3,5,2,5,2,5,4,5,2,5,2,5,2,1,5,4,4,4,5,5,5,4,4,3,4,5,5,5,4,4,1,LowSESManipulation,8
100,683,18,2,,1,,5,,5,9,3,3,grandma,brother,mom,4,1,,,,,0,4,2,5,3,2,1,4,4,3,5,5,1,2,5,2,3,4,5,1,94,93,89,94,92,85,74,44,54,1,4,5,5,6,5,3,4,5,5,5,5,6,4,5,5,5,1,4,6,7,4,7,4,5,4,3,4,4,4,5,3,4,4,1,HighSESManipulation,7
78,19049,18,1,,1,,6,,5,8,3,5,Homeless,Rudders,Crackheads,9,0,,,,,0,5,4,4,3,2,1,,,,,,0,,,,,,,0,,,,,,,,,,0,,,,,,,,,,,,,,,,,0,,,,,,,,,,,,,,,,,0,HighSESManipulation,1
100,818,19,2,,1,,2,,3,6,5,6,black people,jewish people,females ,3,1,,,,,0,6,6,7,1,4,1,5,6,1,4,4,1,1,5,1,1,4,1,1,100,100,100,99,100,100,97,84,79,1,6,6,1,6,4,1,4,2,7,3,4,1,7,4,6,2,0,1,1,4,4,3,2,7,4,3,7,1,1,7,4,4,7,0,HighSESManipulation,5
100,408,21,2,,"1,2",,8,,3,10,3,3,,,,,1,CEO's,Surgeons,Political Officers,2,1,7,2,6,1,4,1,1,6,3,5,2,1,1,7,1,1,1,1,1,91,83,100,100,100,100,100,100,100,1,3,3,6,3,7,1,3,1,7,4,7,1,2,1,7,4,1,1,1,1,1,7,7,7,7,1,1,1,1,7,7,7,7,1,LowSESManipulation,8
100,848,19,2,,1,,3,,7,9,5,4,People living on the streets ,People living in 3rd world countries in poverty  ,People with limited food/water,7,1,,,,,0,5,5,5,3,5,1,3,5,3,4,5,1,1,5,2,2,2,2,1,80,80,70,90,80,80,80,80,80,1,7,1,7,1,4,3,4,4,5,3,4,3,5,4,5,3,1,3,1,2,3,3,4,6,3,2,2,2,5,5,3,3,3,1,HighSESManipulation,7
100,521,19,2,,1,,5,,6,12,6,6,,,,,1,CEO's,Presidents,Old generational wealth,5,1,6,6,6,4,4,1,1,5,5,5,4,1,2,1,1,1,1,1,1,100,100,100,100,100,100,100,100,90,1,6,6,6,6,7,1,7,1,7,7,7,1,7,7,7,1,1,4,1,1,1,7,7,7,1,1,1,1,5,7,7,7,7,1,LowSESManipulation,8
100,609,19,2,,1,,12,,1,4,3,2,,,,,1,Millionaires ,Celebrities,Doctors,6,1,7,7,7,1,2,1,7,7,1,7,7,1,1,7,1,1,1,1,1,99,50,97,10,10,100,50,50,50,1,7,1,7,7,7,7,7,1,1,1,4,5,7,1,2,1,1,1,1,1,1,7,7,7,7,1,1,1,1,7,7,7,7,1,LowSESManipulation,8
100,726,18,2,,1,,13,none,3,10,1,1,homeless people,prostitutes ,strippers ,4,1,,,,,0,7,6,6,1,6,1,6,7,1,6,6,0,1,7,1,1,1,1,1,100,100,100,100,100,100,100,100,100,1,6,1,7,1,4,4,6,4,4,4,4,4,5,1,4,1,0,1,1,1,1,7,7,7,7,1,1,1,1,7,7,7,7,1,HighSESManipulation,5
100,369,18,2,,1,,5,,4,9,3,2,,,,,1,rich celebrities ,rich politicians ,rich business owners ,5,1,7,7,7,2,3,1,2,3,3,6,7,1,1,1,1,1,1,1,1,100,59,91,78,87,86,87,83,83,1,4,4,4,4,4,4,4,4,4,4,4,4,4,4,4,4,1,1,1,1,1,7,7,7,7,1,1,1,1,7,7,7,7,1,LowSESManipulation,8
100,813,18,2,,1,,5,,4,13,3,6,,,,,1,celebrities ,successful business owners,doctors,3,1,6,4,5,2,5,1,2,3,2,4,3,1,1,7,1,1,3,1,1,100,100,100,100,100,100,100,64,34,1,4,5,5,5,6,5,5,4,4,3,6,4,6,4,5,3,1,2,1,1,1,7,6,6,6,1,1,2,1,1,7,7,7,1,LowSESManipulation,8
78,330,19,2,,1,,8,,6,5,6,2,,,,,1,Celebrity's ,Politicians ,NFL player ,3,1,4,4,4,4,4,1,,,,,,0,,,,,,,0,,,,,,,,,,0,,,,,,,,,,,,,,,,,0,,,,,,,,,,,,,,,,,0,LowSESManipulation,3
100,514,32,2,,1,,11,,3,13,3,3,Homeless,Unemployed,Disabled ,7,1,,,,,0,2,2,2,6,4,1,1,2,5,1,1,1,2,6,4,2,2,1,1,10,90,30,50,70,80,50,50,30,1,7,5,7,4,7,1,6,1,7,2,6,2,6,2,7,2,1,1,1,1,1,7,7,7,7,1,1,1,1,7,7,7,7,1,HighSESManipulation,7
53,254,18,2,,1,,5,,7,8,5,5,,,,,0,,,,,0,,,,,,0,,,,,,0,,,,,,,0,,,,,,,,,,0,,,,,,,,,,,,,,,,,0,,,,,,,,,,,,,,,,,0,LowSESManipulation,0
100,638,21,2,,1,,11,,3,5,5,5,,,,,1,Celebrities ,Models,Royalties ,3,1,7,7,7,1,4,1,7,7,1,7,7,1,2,7,1,2,2,2,1,80,51,70,50,58,75,50,55,72,1,3,4,5,4,4,5,2,4,4,4,5,4,6,5,4,3,1,1,2,2,1,7,7,7,6,1,7,1,2,7,7,7,7,1,LowSESManipulation,8
53,45,18,2,,1,,8,,7,13,5,5,,,,,0,,,,,0,,,,,,0,,,,,,0,,,,,,,0,,,,,,,,,,0,,,,,,,,,,,,,,,,,0,,,,,,,,,,,,,,,,,0,HighSESManipulation,0
100,668,20,1,,1,,4,,5,2,,2,3,2,5,5,1,,,,,0,3,4,5,3,4,1,2,3,4,5,4,1,3,4,5,4,3,4,1,76,63,75,79,70,90,45,64,75,1,3,4,5,5,4,3,4,5,3,4,5,5,5,5,4,4,1,4,5,4,3,4,5,5,4,5,4,4,5,5,5,4,3,1,HighSESManipulation,7
100,343,19,2,,1,,6,,4,10,3,2,,,,,1,Billionaires,Millionaires,CEOs,4,1,6,5,5,1,4,1,4,5,3,1,5,1,1,6,2,2,1,1,1,50,40,50,30,50,60,40,70,60,1,7,1,6,1,4,2,5,4,4,4,2,4,5,4,4,4,1,2,1,1,1,6,6,5,7,1,1,1,6,6,5,4,5,1,LowSESManipulation,8
100,370,21,2,,6,,13,raised Catholic but has stayed away from the church,2,3,5,5,,,,,1,CEO's of companies,Philantropists,Celebrities,5,1,,,,,,0,,,,,,0,1,7,1,1,1,1,1,90,43,90,43,60,90,63,65,65,1,2,7,1,7,7,1,5,2,6,3,7,1,7,1,7,5,1,2,1,1,1,1,7,7,7,1,1,1,1,7,7,7,7,1,LowSESManipulation,6
100,144,20,2,,1,,12,,5,12,6,7,,,,3,1,,,,,0,4,4,4,4,4,1,4,4,4,4,4,1,4,4,4,4,4,4,1,2,8,4,2,1,1,1,1,1,1,4,4,4,4,4,4,4,4,4,4,4,4,4,4,4,4,1,4,4,4,4,4,4,4,4,4,4,4,4,4,4,4,4,0,HighSESManipulation,6
100,899,18,2,,1,,5,,7,8,5,5,Drug addicts,homeless people,children ,4,1,,,,,0,4,2,1,3,4,1,3,5,2,5,2,1,2,5,4,1,4,5,1,100,100,100,100,100,100,100,100,100,1,7,4,6,4,6,1,4,2,6,4,5,4,2,4,5,2,1,6,6,4,5,5,6,5,4,2,4,5,5,5,5,5,4,1,HighSESManipulation,7
100,523,19,2,,1,,6,,2,6,5,5,,,,,1,celebrities,government officials,business people,4,1,7,6,5,2,4,1,1,1,7,1,1,1,1,3,1,1,1,1,1,75,75,75,70,85,75,75,93,82,1,7,1,7,1,4,1,7,4,4,2,2,1,6,4,3,4,1,1,1,1,1,7,6,7,6,2,1,1,2,7,6,7,7,1,LowSESManipulation,8
100,555,19,2,,1,,8,,3,11,6,3,,,,,1,my boss,my friend,my uncle,5,1,5,5,4,3,3,1,3,6,3,3,4,1,1,7,6,1,4,3,1,93,93,92,94,93,93,94,89,59,1,5,3,5,3,4,2,5,5,5,4,4,4,5,3,4,3,1,5,3,4,3,5,7,5,5,3,5,3,3,6,6,6,5,1,LowSESManipulation,8
100,322,20,1,,1,,5,,5,10,4,2,African Amercians ,Lower Class ,Poverty ,7,1,,,,,0,4,4,4,4,4,1,4,4,4,4,4,0,4,4,4,4,4,4,1,100,100,100,100,100,100,100,100,100,1,4,4,4,4,4,4,4,4,4,4,4,4,4,4,4,4,1,4,4,4,4,4,4,4,4,4,4,4,4,4,4,4,4,1,HighSESManipulation,6
53,175290,19,2,,2,,12,,5,10,5,3,,,,,0,,,,,0,,,,,,0,,,,,,0,,,,,,,0,,,,,,,,,,0,,,,,,,,,,,,,,,,,0,,,,,,,,,,,,,,,,,0,LowSESManipulation,0
100,1568,18,2,,1,,8,,2,8,7,,,,,,1,Jeff Bezos ,Mark Zuckerburg ,CEOs of other major tech companies ,6,1,7,7,7,1,6,1,5,7,3,6,6,1,1,7,1,2,1,1,1,100,40,99,45,100,100,97,100,100,1,6,3,4,2,7,5,7,2,5,1,4,1,7,4,2,1,1,1,1,1,1,7,7,6,7,1,2,1,1,7,3,7,7,1,LowSESManipulation,8
100,515,20,2,,1,,2,,2,12,6,5,women in third world oppressive countries,children in war zones,people of muslim faith facing genocide in china,9,1,,,,,0,7,7,7,1,7,1,7,7,1,7,7,1,1,7,1,1,1,1,1,100,100,100,52,100,100,53,100,100,1,4,4,6,5,4,5,7,4,5,5,4,4,6,1,3,5,1,5,1,2,1,6,7,6,7,1,1,1,3,7,6,7,7,1,HighSESManipulation,7
100,372,18,2,,1,,11,,1,5,5,4,,,,,1,white,men,wealthy,7,1,7,7,7,1,6,1,6,6,1,6,6,1,1,7,1,1,1,1,1,100,70,100,67,100,100,89,100,100,1,3,3,2,4,6,1,6,1,5,1,4,1,7,1,4,1,1,3,1,1,1,7,6,7,7,1,1,1,1,7,7,7,7,1,LowSESManipulation,8
